Arquivo,Nome,Resultado,Anvisa,Qualidade,Resolução,Achou?,Leu?,Tamanho (Mpx),,
,,,,,,,,,0,1
IMG_20180318_103009.jpg,Lozeprel omeprazol,0101,Tem,,Alta,0,0,12.979,1,
IMG_20230726_092806.jpg,tysabri,1010,Tem,,Alta,1,1,12.000,1,
IMG_20230910_124309.jpg,Dipirona monoidratada,1010,Tem,,Alta,1,1,12.000,45,
IMG_20230918_111341.jpg,Magnazia,0110,Não tem,,Alta,0,1,12.000,3,1
IMG_20230918_111346.jpg,Aubagio Teriflunomida,1010,Tem,,Alta,1,1,12.000,2,
IMG_20230918_111401.jpg,cetoconazol + dipropionato de betametasona + sultafo de neomicina,0110,Tem,,Alta,0,1,12.000,3,
IMG_20231031_143050.jpg,ciprofibrato,1010,Tem,,Alta,1,1,12.000,4,
IMG_20231031_143056.jpg,atorvastatina cálcina,1010,Tem,,Alta,1,1,12.000,1,
IMG_20231031_143122.jpg,enterogermina,0110,Não tem,,Alta,0,1,12.000,1,1
IMG_20231031_143205.jpg,Fluive acetilcisteína,1010,Tem,,Alta,1,1,12.000,1,
IMG_20231031_143239.jpg,cloridrato de metformina,0101,Tem,,Alta,0,0,12.000,7,
IMG_20231031_143358.jpg,Loratamed,1010,Tem,,Alta,1,1,12.000,9,
IMG_20231031_143425.jpg,Venvanse,1010,Tem,,Alta,1,1,12.000,3,
IMG_20231031_143519.jpg,Betacortazol,1010,Tem,,Alta,1,1,12.000,2,
IMG_20231031_143541.jpg,simeticona,1010,Tem,,Alta,1,1,12.000,29,
IMG_20231031_143607.jpg,sosseg,1010,Tem,,Alta,1,1,12.000,9,
IMG_20231031_143629.jpg,Venvanse,1010,Tem,,Alta,1,1,12.000,3,
IMG_20231031_143647.jpg,losartana potássica,1010,Tem,,Alta,1,1,12.000,9,
IMG_20231031_143702.jpg,hidroclorotiazida,1010,Tem,,Alta,1,1,12.000,8,
IMG_20231031_143720.jpg,Florent,0101,Tem,,Alta,0,0,12.000,2,
IMG_20231031_143831.jpg,narix,1010,Tem,,Alta,1,1,12.000,1,
IMG_20231031_143918.jpg,Buprovil,0101,Tem,,Alta,0,0,12.000,1,
IMG_20231031_143954.jpg,queimalive,1010,Tem,,Alta,1,1,12.000,2,
IMG_20231102_210230.jpg,Advil,1010,Tem,,Alta,1,1,12.000,3,
IMG_20231108_143053.jpg,Simeticon simeticona,1010,Tem,,Alta,1,1,12.000,1,
IMG_20231108_143121.jpg,sulfato de neomicina + bacitracina zíncica,1010,Tem,,Alta,1,1,12.000,14,
IMG_20231108_143142.jpg,diclofenaco dietilamônio,1010,Tem,,Alta,1,1,12.000,8,
IMG_20231108_143237.jpg,solução fisiológica,0101,Tem,,Alta,0,0,12.000,2,
IMG_20231108_143533.jpg,Sal de Fruta ENO,0101,Tem,,Alta,0,0,12.000,14,
IMG_20231112_170451.jpg,Loratamed,1010,Tem,,Alta,1,1,12.000,9,
IMG_20231112_170535.jpg,Benegrip,1010,Tem,,Alta,1,1,12.000,2,
IMG_20231112_170600.jpg,pantoprazol sódico sesqui-hidratado,1010,Tem,,Alta,1,1,12.000,6,
IMG_20231112_170609.jpg,Benegrip,1010,Tem,,Alta,1,1,12.000,2,
IMG_20231112_170615.jpg,Luftal Gel,0101,Não tem,,Alta,0,0,12.000,1,1
IMG_20231112_170624.jpg,Cimegripe,1010,Tem,,Alta,1,1,12.000,10,
IMG_20231112_170646.jpg,amoxicilina + clavulanato de potássio,1010,Tem,,Alta,1,1,12.000,2,
IMG_20231126_120455.jpg,Simeticona,1010,Tem,,Alta,1,1,12.000,29,
IMG_20240120_143911.jpg,Magnazia,0110,Não tem,,Alta,0,1,12.000,3,1
IMG_20240219_214748.jpg,nuromol,1010,Tem,,Média,1,1,1.229,2,
IMG_20240220_135858.jpg,Neopiridin,0101,Tem,,Alta,0,0,12.000,7,
IMG_20240225_125416.jpg,Dipirona Monoidratada,1010,Tem,,Alta,1,1,12.000,45,
IMG_20240225_125430.jpg,Azitromicina di-hidratada,1010,Tem,,Alta,1,1,12.000,8,
IMG_20240225_173953.jpg,Benatux,1010,Tem,,Alta,1,1,12.000,1,
IMG_20240225_174036.jpg,Neopiridin,1010,Tem,,Alta,1,1,12.000,7,
IMG_20240229_172503.jpg,Insulina Humana novolin r,1010,Tem,,Alta,1,1,12.000,1,
IMG_20240229_172602.jpg,CEFALIV,1010,Tem,,Alta,1,1,12.000,1,
IMG_20240301_105852.jpg,Neopiridin,1010,Tem,,Alta,1,1,12.000,7,
IMG_20240303_112603.jpg,Pregabalina,1010,Tem,,Alta,1,1,12.000,6,
IMG_20240303_112631.jpg,Pregabalina,1010,Tem,,Alta,1,1,12.000,6,
IMG_20240303_112730.jpg,Dorflex,1010,Tem,,Alta,1,1,12.000,6,
IMG_20240303_112738.jpg,Dorflex,0101,Tem,,Alta,0,0,12.000,6,
IMG_20240303_112824.jpg,cloridrato de fluoxetina,1010,Tem,,Alta,1,1,12.000,5,
IMG_20240303_112852.jpg,cloridrato de fluoxetina,1010,Tem,,Alta,1,1,12.000,5,
IMG_20240303_112916.jpg,nimesulida,1010,Tem,,Alta,1,1,12.000,10,
IMG_20240303_112947.jpg,Neosoro infantil,1111,Tem,,Alta,1,1,12.000,2,
IMG_20240303_113025.jpg,Neosoro infantil,0101,Tem,,Alta,0,0,12.000,2,
IMG_20240303_113112.jpg,Nasonex,1010,Tem,,Alta,1,1,12.000,1,
IMG_20240303_113143.jpg,Curadrim,0110,Não tem,,Alta,0,1,12.000,1,1
IMG_20240303_113201.jpg,Simeticona,1010,Tem,,Alta,1,1,12.000,29,
IMG_20240303_113219.jpg,Verutex B,1010,Tem,,Alta,1,1,12.000,1,
IMG_20240303_113231.jpg,Bismu-jet,1010,Tem,,Alta,1,1,12.000,1,
IMG_20240303_113317.jpg,Sulfato de neomicina + bacitracina zíncica,1010,Tem,,Alta,1,1,12.000,14,
IMG_20240303_113351.jpg,Advil,0101,Tem,,Alta,0,0,12.000,3,
IMG_20240303_113518.jpg,Guacovita,1010,Tem,,Alta,1,1,12.000,1,
IMG_20240303_120229.jpg,Vitamina D3,1111,Tem,,Alta,1,1,12.000,2,
IMG_20240303_213954.jpg,Xarope 44 E,0101,Tem,,Alta,0,0,12.000,1,
IMG_20240304_081515.jpg,CataflamPro,1010,Tem,,Alta,1,1,12.000,1,
IMG_20240304_095143.jpg,ibupril,1010,Tem,,Alta,1,1,12.000,2,
IMG_20240304_095201.jpg,ibupril,1010,Tem,,Alta,1,1,12.000,2,
IMG_20240304_175542.jpg,losartana potássica,1010,Tem,,Alta,1,1,12.000,9,
IMG_20240305_135552.jpg,Buscopan composto,1010,Tem,,Alta,1,1,12.000,10,
IMG_20240305_135635.jpg,dexametasona,1010,Tem,,Alta,1,1,12.000,3,
IMG_20240305_135722.jpg,Magnazia,0110,Não tem,,Alta,0,1,12.000,3,1
IMG_20240305_153412.jpg,Loratamed,1010,Tem,,Alta,1,1,12.000,9,
IMG_20240305_153416.jpg,Loratamed,1010,Tem,,Alta,1,1,12.000,9,
IMG_20240305_173629.jpg,Neosoro,1010,Tem,,Alta,1,1,12.000,5,
IMG_20240305_173632.jpg,Neosoro,1010,Tem,,Alta,1,1,12.000,5,
IMG_20240305_173642.jpg,Neosoro,1010,Tem,,Alta,1,1,12.000,5,
IMG_20240306_203818.jpg,Celestrat,1010,Tem,,Alta,1,1,12.000,3,
IMG_20240306_203832.jpg,Celestrat,1010,Tem,,Alta,1,1,12.000,3,
IMG_20240306_204043.jpg,Celestrat,1010,Tem,,Alta,1,1,12.000,3,
IMG_20240307_095953.jpg,exodus,1010,Tem,,Alta,1,1,12.000,1,
IMG_20240307_152634.jpg,Biofenac,1010,Tem,,Alta,1,1,12.000,3,
IMG_20240307_152644.jpg,Salonpas adesivo,1010,Tem,,Alta,1,1,12.000,2,
IMG_20240307_152659.jpg,tylenol,0101,Tem,,Alta,0,0,12.000,1,
IMG_20240307_185809.jpg,clavulin,1010,Tem,,Alta,1,1,12.000,1,
IMG_20240308_091029.jpg,simeticona,1010,Tem,,Alta,1,1,12.000,29,
IMG_20240308_091209.jpg,dipirona monoidratada,1010,Tem,,Alta,1,1,12.000,45,
IMG_20240308_091215.jpg,dipirona monoidratada,1010,Tem,,Alta,1,1,12.000,45,
IMG_20240308_091303.jpg,otosporin,1010,Tem,,Alta,1,1,12.000,1,
IMG_20240308_091339.jpg,neocoflan,1010,Tem,,Alta,1,1,12.000,1,
IMG_20240308_091351.jpg,Toragesic,1010,Tem,,Alta,1,1,12.000,1,
IMG_20240308_091414.jpg,budesonida,1010,Tem,,Alta,1,1,12.000,4,
IMG_20240308_091431.jpg,Maxalgina,1010,Tem,,Alta,1,1,12.000,2,
IMG_20240308_091531.jpg,Betacortazol,0111,Não tem,,Alta,0,1,12.000,2,1
IMG_20240308_091548.jpg,Profergan,1010,Tem,,Alta,1,1,12.000,1,
IMG_20240309_180618.jpg,Vick Vaporub,0110,Tem,,Alta,0,1,12.000,4,
IMG_20240311_103840.jpg,Desonol desonida,1110,Tem,,Alta,1,1,12.000,1,
IMG_20240311_160440.jpg,Vibral,1010,Tem,,Alta,1,1,12.000,2,
IMG_20240311_160456.jpg,oxalato de escitolopram,1010,Tem,,Alta,1,1,12.000,2,
IMG_20240311_160506.jpg,cloridrato de bupropiona,1010,Tem,,Alta,1,1,12.000,3,
IMG_20240311_160519.jpg,pratoprazol sódico sesqui-hidratado,1010,Tem,,Alta,1,1,12.000,1,
IMG_20240311_160530.jpg,Latuda,1010,Tem,,Alta,1,1,12.000,1,
IMG_20240311_160539.jpg,Imovane,1010,Tem,,Alta,1,1,12.000,2,
IMG_20240311_160632.jpg,Neosaldina,1010,Tem,,Alta,1,1,12.000,3,
IMG_20240311_160645.jpg,deller,1010,Tem,,Alta,1,1,12.000,1,
IMG_20240311_160659.jpg,dipirona monoidratada,1111,Tem,,Alta,1,1,12.000,45,
IMG_20240311_160735.jpg,Imovane,1010,Tem,,Alta,1,1,12.000,2,
IMG_20240311_160811.jpg,dipirona monoidratada,1010,Tem,,Alta,1,1,12.000,45,
IMG_20240311_160816.jpg,dipirona monoidratada,1111,Tem,,Alta,1,1,12.000,45,
IMG_20240311_160901.jpg,cloridrato de bupropiona,1010,Tem,,Alta,1,1,12.000,3,
IMG_20240311_160930.jpg,oxalato de escitolopram,0111,Tem,,Alta,0,1,12.000,2,
IMG_20240311_161016.jpg,Vibral,1010,Tem,,Alta,1,1,12.000,2,
IMG_20240311_164525.jpg,azitromicina di-hidratada,1111,Tem,,Alta,1,1,12.000,8,
IMG_20240311_164535.jpg,azitromicina di-hidratada,1010,Tem,,Alta,1,1,12.000,8,
IMG_20240311_182712.jpg,insulina humana nph novolin n,1010,Tem,,Alta,1,1,12.000,1,
IMG_20240313_142352.jpg,Viter C,1010,Tem,,Alta,1,1,12.000,1,
IMG_20240313_182421.jpg,Venvanse,1010,Tem,,Alta,1,1,12.000,3,
IMG_20240314_115531.jpg,simeticona,1010,Tem,,Alta,1,1,12.000,29,
IMG_20240314_115541.jpg,dipirona monoidratada,1010,Tem,,Alta,1,1,12.000,45,
IMG_20240314_115600.jpg,sulfato de neomicina + bacitracina zíncica,1010,Tem,,Alta,1,1,12.000,14,
IMG_20240314_115630.jpg,Neocopan,0101,Tem,,Alta,0,0,12.000,1,
IMG_20240314_132229.jpg,Nypram,1010,Tem,,Alta,1,1,9.877,1,
IMG_20240314_132407.jpg,Nypram bromidrato de citalopram,1010,Tem,,Alta,1,1,9.877,1,
IMG_20240314_161952.jpg,bromoprida,1010,Tem,,Alta,1,1,12.000,1,
IMG_20240314_162000.jpg,razapina,1010,Tem,,Alta,1,1,12.000,1,
IMG_20240314_162018.jpg,Vonau,1010,Tem,,Alta,1,1,12.000,1,
IMG_20240314_162154.jpg,estomazil,1010,Tem,,Alta,1,1,12.000,3,
IMG_20240314_162206.jpg,Alektos,1010,Tem,,Alta,1,1,12.000,2,
IMG_20240314_162219.jpg,decongex plus,1010,Tem,,Alta,1,1,12.000,5,
IMG_20240314_162521.jpg,Buscofem,0101,Tem,,Alta,0,0,12.000,2,
IMG_20240314_163759.jpg,Novalgina dipirona monoidratada,1111,Tem,,Alta,1,1,12.000,1,
IMG_20240314_163809.jpg,Neosaldina,1010,Tem,,Alta,1,1,12.000,3,
IMG_20240314_163820.jpg,maleato de dexclorfeniramina,0110,Tem,,Alta,0,1,12.000,5,
IMG_20240314_163939.jpg,Buscofem,0101,Tem,,Alta,0,0,12.000,2,
IMG_20240314_164220.jpg,Cimegripe,1110,Tem,,Alta,1,1,12.000,10,
IMG_20240314_225700.jpg,Sal de Fruta ENO,0101,Tem,,Alta,0,0,8.075,14,
IMG_20240314_230300.jpg,acetilcisteína,1010,Tem,,Alta,1,1,8.173,12,
IMG_20240314_230500.jpg,etira levetiracetam,1110,Tem,,Alta,1,1,10.571,1,
IMG_20240314_230600.jpg,cloridrato de fluoxetina,1010,Tem,,Alta,1,1,7.314,5,
IMG_20240314_230630.jpg,Gripalcê,0101,Tem,,Alta,0,0,6.861,1,
IMG_20240314_230900.jpg,Flancox,1010,Tem,,Alta,1,1,9.230,3,
IMG_20240314_231000.jpg,Paracetamol,1010,Tem,,Alta,1,1,7.901,11,
IMG_20240314_231030.jpg,Dramin B6,0110,Tem,,Alta,0,1,7.503,11,
IMG_20240314_231035.jpg,Rehidrat,1010,Tem,,Alta,1,1,7.109,2,
IMG_20240314_231200.jpg,Cystex,0101,Tem,,Alta,0,0,6.186,2,
IMG_20240314_231230.jpg,Epocler,1010,Tem,,Alta,1,1,4.718,3,
IMG_20240314_231300.jpg,Musculare,1010,Tem,,Alta,1,1,7.846,3,
IMG_20240314_231400.jpg,Vonau Flash,0110,Tem,,Alta,0,1,5.528,2,
IMG_20240314_231430.jpg,Primolut-nor,0101,Tem,,Alta,0,0,7.137,2,
IMG_20240314_231500.jpg,Dorflex,1111,Tem,,Alta,1,1,5.524,6,
IMG_20240314_231530.jpg,Fexx Cloridrato de Fexofenadina,1010,Tem,,Alta,1,1,11.066,1,
IMG_20240314_231600.jpg,melagrião,1010,Tem,,Alta,1,1,7.408,1,
IMG_20240314_231700.jpg,omcilon-A orabase,0101,Tem,,Média,0,0,3.050,3,
IMG_20240314_231745.jpg,engov,1010,Tem,,Alta,1,1,8.489,1,
IMG_20240315_115035.jpg,Ibuflex,0101,Tem,,Alta,0,0,12.000,2,
IMG_20240315_120439.jpg,Ibuflex,0101,Tem,,Alta,0,0,12.000,2,
IMG_20240316_084913.jpg,cetoconazol + dipropionato de betametasona + sultafo de neomicina,1010,Tem,,Alta,1,1,12.000,3,
IMG_20240316_084954.jpg,sultafo de neomicina + bacitracina zíncica,1010,Tem,,Alta,1,1,12.000,1,
IMG_20240316_085125.jpg,maleato de dexclorfeniramina,1010,Tem,,Alta,1,1,12.000,5,
IMG_20240316_085732.jpg,Donaren Retard,1010,Tem,,Alta,1,1,12.000,2,
IMG_20240316_085756.jpg,Donaren Retard,0101,Tem,,Alta,0,0,12.000,2,
IMG_20240316_090108.jpg,cinarizina,1010,Tem,,Alta,1,1,12.000,2,
IMG_20240316_090435.jpg,solução fisiológica,0111,Tem,,Alta,0,1,12.000,2,
IMG_20240316_202257.jpg,ácido mefenâmico,0110,Tem,,Alta,0,1,12.000,5,
IMG_20240316_202346.jpg,ácido mefenâmico,1010,Tem,,Alta,1,1,12.000,5,
IMG_20240316_202428.jpg,Tramadon Retard,1010,Tem,,Alta,1,1,12.000,3,
IMG_20240316_202448.jpg,Tramadon Retard,1010,Tem,,Alta,1,1,12.000,3,
IMG_20240316_202501.jpg,Tramadon Retard,1010,Tem,,Alta,1,1,12.000,3,
IMG_20240316_202545.jpg,ácido mefenâmico,1010,Tem,,Alta,1,1,12.000,5,
IMG_20240316_202600.jpg,plasil cloridrato de metoclopramida,1010,Tem,,Alta,1,1,12.000,3,
IMG_20240316_202615.jpg,plasil cloridrato de metoclopramida,1010,Tem,,Alta,1,1,12.000,3,
IMG_20240316_202703.jpg,ivermectina,1010,Tem,,Alta,1,1,12.000,8,
IMG_20240316_202719.jpg,ivermectina,0101,Tem,,Alta,0,0,12.000,8,
IMG_20240316_202757.jpg,Dolamin Flex,1010,Tem,,Alta,1,1,12.000,1,
IMG_20240316_202930.jpg,Benziflex,1010,Tem,,Alta,1,1,12.000,1,
IMG_20240316_202940.jpg,paracetamol,1010,Tem,,Alta,1,1,12.000,11,
IMG_20240316_203024.jpg,paracetamol,0101,Tem,,Alta,0,0,12.000,11,
IMG_20240316_203027.jpg,paracetamol,0101,Tem,,Alta,0,0,12.000,11,
IMG_20240316_203046.jpg,simeticona,1010,Tem,,Alta,1,1,12.000,29,
IMG_20240316_203113.jpg,simeticona,1010,Tem,,Alta,1,1,12.000,29,
IMG_20240316_203150.jpg,Loratamed,1010,Tem,,Alta,1,1,12.000,9,
IMG_20240316_203206.jpg,Lorasliv,0101,Tem,,Alta,0,0,12.000,1,
IMG_20240316_203247.jpg,nimesulida,1010,Tem,,Alta,1,1,12.000,10,
IMG_20240316_203304.jpg,nimesulida,1010,Tem,,Alta,1,1,12.000,10,
IMG_20240316_203307.jpg,nimesulida,1010,Tem,,Alta,1,1,12.000,10,
IMG_20240316_203330.jpg,diclofenaco potássico,1010,Tem,,Alta,1,1,12.000,3,
IMG_20240316_203345.jpg,diclofenaco potássico,1010,Tem,,Alta,1,1,12.000,3,
IMG_20240316_203409.jpg,Buscoduo,0101,Tem,,Alta,0,0,12.000,4,
IMG_20240316_203425.jpg,Buscoduo,0101,Tem,,Alta,0,0,12.000,4,
IMG_20240316_203428.jpg,Buscoduo,0101,Tem,,Alta,0,0,12.000,4,
IMG_20240317_124837.jpg,cloridrato de loperamida,1010,Tem,,Alta,1,1,12.000,5,
IMG_20240317_124853.jpg,cloridrato de loperamida,1010,Tem,,Alta,1,1,12.000,5,
IMG_20240317_124914.jpg,spidufen,1010,Tem,,Alta,1,1,12.000,2,
IMG_20240317_124923.jpg,vodol nitrato de miconazol,0101,Tem,,Alta,0,0,12.000,3,
IMG_20240317_124934.jpg,vodol nitrato de miconazol,1010,Tem,,Alta,1,1,12.000,3,
IMG_20240317_124952.jpg,vodol nitrato de miconazol,1010,Tem,,Alta,1,1,12.000,3,
IMG_20240317_125005.jpg,cloridrato de clindamicina,1010,Tem,,Alta,1,1,12.000,2,
IMG_20240317_125019.jpg,cloridrato de clindamicina,1010,Tem,,Alta,1,1,12.000,2,
IMG_20240317_125039.jpg,spidufen,1010,Tem,,Alta,1,1,12.000,2,
IMG_20240317_125119.jpg,paracetamol + cloridrato de pseudoefedrina,1010,Tem,,Alta,1,1,12.000,2,
IMG_20240317_125132.jpg,paracetamol + cloridrato de pseudoefedrina,0111,Tem,,Alta,0,1,12.000,2,
IMG_20240317_125146.jpg,Ultraproct LDO,1010,Tem,,Alta,1,1,12.000,2,
IMG_20240317_125204.jpg,Ultraproct LDO,1010,Tem,,Alta,1,1,12.000,2,
IMG_20240317_125257.jpg,Advil,1010,Tem,,Alta,1,1,12.000,3,
IMG_20240317_125312.jpg,seki,1010,Tem,,Alta,1,1,12.000,2,
IMG_20240317_125327.jpg,seki,1010,Tem,,Alta,1,1,12.000,2,
IMG_20240317_125343.jpg,citrato de sildenafila,1010,Tem,,Alta,1,1,12.000,1,
IMG_20240317_125357.jpg,simeticona,1010,Tem,,Alta,1,1,12.000,29,
IMG_20240317_125422.jpg,simeticona,1010,Tem,,Alta,1,1,12.000,29,
IMG_20240317_125450.jpg,carverol,0101,Não tem,,Alta,0,0,12.000,1,1
IMG_20240317_125501.jpg,tadalafila,1010,Tem,,Alta,1,1,12.000,4,
IMG_20240317_125513.jpg,tadalafila,1010,Tem,,Alta,1,1,12.000,4,
IMG_20240317_125532.jpg,acetilcisteína,1010,Tem,,Alta,1,1,12.000,12,
IMG_20240317_125539.jpg,acetilcisteína,1010,Tem,,Alta,1,1,12.000,12,
IMG_20240317_125550.jpg,nimesulida,1010,Tem,,Alta,1,1,12.000,10,
IMG_20240317_125610.jpg,dexametasona,1010,Tem,,Alta,1,1,12.000,3,
IMG_20240317_125628.jpg,entricitabina + fumarato de tenofovir desoproxila,1010,Tem,,Alta,1,1,12.000,1,
IMG_20240317_125651.jpg,Buscopan composto,0101,Tem,,Alta,0,0,12.000,10,
IMG_20240317_125704.jpg,Buscopan composto,0101,Tem,,Alta,0,0,12.000,10,
IMG_20240317_125718.jpg,cetoprofeno,0101,Tem,,Alta,0,0,12.000,9,
IMG_20240317_125813.jpg,sulfato de neomicina + bacitracina zíncica,1010,Tem,,Alta,1,1,12.000,14,
IMG_20240317_131852.jpg,Vick VapoRub,0111,Tem,,Alta,0,1,12.000,4,
IMG_20240318_173806.jpg,dipirona monoidratada,1010,Tem,,Alta,1,1,12.000,45,
IMG_20240318_173825.jpg,dipirona monoidratada,1010,Tem,,Alta,1,1,12.000,45,
IMG_20240318_174048.jpg,dipirona monoidratada,0110,Tem,,Alta,0,1,12.000,45,
IMG_20240319_003807.jpg,propionato de clobetasol,1010,Tem,,Alta,1,1,12.000,6,
IMG_20240319_003851.jpg,propionato de clobetasol,1010,Tem,,Alta,1,1,12.000,6,
IMG_20240319_005300.jpg,alprazolam,1010,Tem,,Alta,1,1,12.193,2,
IMG_20240319_005330.jpg,oxalato de escitalopram,1010,Tem,,Alta,1,1,12.193,5,
IMG_20240319_005400.jpg,dexprotenol,1010,Tem,,Alta,1,1,12.193,1,
IMG_20240319_005430.jpg,Avamys,1010,Tem,,Alta,1,1,12.193,2,
IMG_20240319_005500.jpg,hemitartarato de zolpidem,0101,Tem,,Alta,0,0,12.193,7,
IMG_20240319_005600.jpg,cipide ciprofibrato,1010,Tem,,Alta,1,1,12.193,1,
IMG_20240319_005700.jpg,Dymista,1010,Tem,,Alta,1,1,12.193,1,
IMG_20240319_005730.jpg,levolukast,1010,Tem,,Média,1,1,2.988,1,
IMG_20240319_144100.jpg,Primolut-Nor,0101,Tem,,Alta,0,0,12.193,2,
IMG_20240319_144200.jpg,Dorflex,1111,Tem,,Alta,1,1,12.193,6,
IMG_20240319_144600.jpg,Dramin B6,1010,Tem,,Alta,1,1,12.193,11,
IMG_20240319_144700.jpg,Omicilon-A Orabase,0101,Tem,,Alta,0,0,12.193,1,
IMG_20240320_062703.jpg,budesonina,1010,Tem,,Alta,1,1,7.500,1,
IMG_20240320_111554.jpg,colchicina,0101,Tem,,Alta,0,0,12.000,1,
IMG_20240320_111610.jpg,pantoprazol sódico sesqui-hidratado,0101,Tem,,Alta,0,0,12.000,6,
IMG_20240320_111623.jpg,Meticorten,0101,Tem,,Alta,0,0,12.000,1,
IMG_20240320_154206.jpg,Allexofedrin,0110,Tem,,Alta,0,1,12.000,1,
IMG_20240320_154223.jpg,Lacrifilm,1010,Tem,,Alta,1,1,12.000,1,
IMG_20240320_154233.jpg,Dramin B6,0101,Tem,,Alta,0,0,12.000,11,
IMG_20240320_154245.jpg,prednisolona,1010,Tem,,Alta,1,1,12.000,3,
IMG_20240320_154259.jpg,cloridrato de sertralina,1010,Tem,,Alta,1,1,12.000,4,
IMG_20240320_154310.jpg,Tylenol sinus,1010,Tem,,Alta,1,1,12.000,4,
IMG_20240320_154323.jpg,azitromicina di-hidratada,1010,Tem,,Alta,1,1,12.000,8,
IMG_20240320_180225.jpg,Lacribell,1010,Tem,,Alta,1,1,12.000,1,
IMG_20240320_183452.jpg,dicloridrato de hidroxizina,1010,Tem,,Alta,1,1,12.000,6,
IMG_20240320_183502.jpg,Aerodini,1010,Tem,,Alta,1,1,12.000,1,
IMG_20240320_222843.jpg,Beclosol dipropionato de beclometasona,1010,Tem,,Alta,1,1,7.500,1,
IMG_20240320_222902.jpg,cloridrato de fluoxetina,1010,Tem,,Alta,1,1,7.500,5,
IMG_20240320_222931.jpg,Hiper-cal D,0101,Não tem,,Alta,0,0,7.500,1,1
IMG_20240320_222947.jpg,cloridrato de sertralina,1010,Tem,,Alta,1,1,7.500,4,
IMG_20240320_223001.jpg,Defull vitamina d3,1010,Tem,,Alta,1,1,7.500,1,
IMG_20240321_132647.jpg,maleato de dexclorfeniramina,1011,Tem,,Alta,1,1,12.000,5,
IMG_20240321_132652.jpg,maleato de dexclorfeniramina,1010,Tem,,Alta,1,1,12.000,5,
IMG_20240321_132705.jpg,cloridrato de loperamida,1010,Tem,,Alta,1,1,12.000,5,
IMG_20240321_132711.jpg,cloridrato de loperamida,1010,Tem,,Alta,1,1,12.000,5,
IMG_20240322_062559.jpg,diclofenaco dietilamônio,1011,Tem,,Alta,1,1,7.500,8,
IMG_20240322_123139.jpg,vitamina D3 colecalciferol,0111,Tem,,Alta,0,1,12.000,7,
IMG_20240322_123207.jpg,vitamina D3 colecalciferol,1010,Tem,,Alta,1,1,12.000,7,
IMG_20240325_120033.jpg,Salonpas Adesivo,1010,Tem,,Alta,1,1,12.000,2,
IMG_20240325_171054.jpg,Biofenac,1010,Tem,,Alta,1,1,12.000,3,
IMG_20240325_171103.jpg,diclofenaco dietilamônio,0111,Tem,,Alta,0,1,12.000,8,
IMG_20240325_171112.jpg,diclofenaco dietilamônio,0111,Tem,,Alta,0,1,12.000,8,
IMG_20240325_171144.jpg,decongex plus,0101,Tem,,Alta,0,0,12.000,5,
IMG_20240325_171235.jpg,Dorflex Uno,1010,Tem,,Alta,1,1,12.000,1,
IMG_20240325_171258.jpg,diclofenaco potássico,1010,Tem,,Alta,1,1,12.000,3,
IMG_20240325_171333.jpg,diclonenaco sódico,1010,Tem,,Alta,1,1,12.000,1,
IMG_20240325_171506.jpg,cloridrato de fexofenadina,1010,Tem,,Alta,1,1,12.000,1,
IMG_20240326_121334.jpg,Florent,1010,Tem,,Alta,1,1,12.000,2,
IMG_20240326_211300.jpg,Ritalina,1010,Tem,,Alta,1,1,12.193,8,
IMG_20240326_211320.jpg,Ritalina,1010,Tem,,Alta,1,1,12.193,8,
IMG_20240326_211340.jpg,Ritalina,1010,Tem,,Alta,1,1,12.193,8,
IMG_20240326_222300.jpg,Ritalina,0101,Tem,,Alta,0,0,12.193,8,
IMG_20240326_222330.jpg,Ritalina,0101,Tem,,Alta,0,0,12.193,8,
IMG_20240327_185151.jpg,triancinolona acetonida,1010,Tem,,Alta,1,1,12.000,3,
IMG_20240327_185202.jpg,triancinolona acetonida,1010,Tem,,Baixa,1,1,0.389,3,
IMG_20240328_111006.jpg,Musculare,1010,Tem,,Alta,1,1,12.193,3,
IMG_20240328_111017.jpg,Musculare,1010,Tem,,Alta,1,1,12.193,3,
IMG_20240328_111022.jpg,Coques,1010,Tem,,Alta,1,1,12.193,2,
IMG_20240328_111028.jpg,Coques,1010,Tem,,Alta,1,1,12.193,2,
IMG_20240328_111041.jpg,Lactosil,0101,Não tem,,Alta,0,0,12.193,3,1
IMG_20240328_111049.jpg,Simeticona,1010,Tem,,Alta,1,1,12.193,29,
IMG_20240328_111527.jpg,dipirona monoidratada,1010,Tem,,Alta,1,1,12.000,45,
IMG_20240328_111721.jpg,combiron fólico,1010,Tem,,Alta,1,1,12.193,1,
IMG_20240328_111810.jpg,diclofenaco dietilamônio,0101,Tem,,Alta,0,0,12.193,8,
IMG_20240328_111906.jpg,Atacand,0101,Tem,,Alta,0,0,12.193,1,
IMG_20240328_153145.jpg,Nina,0101,Não tem,,Alta,0,0,12.000,1,1
IMG_20240328_184117.jpg,Fluviral Dia,0110,Tem,,Alta,0,1,12.000,1,
IMG_20240329_063400.jpg,Ibrufran,1010,Tem,,Alta,1,1,12.975,1,
IMG_20240329_063401.jpg,simeticona,1010,Tem,,Alta,1,1,12.975,29,
IMG_20240329_063402.jpg,dipirona monoidratada,0110,Tem,,Alta,0,1,12.975,45,
IMG_20240329_063403.jpg,Lorasliv loratadina,1010,Tem,,Alta,1,1,12.975,3,
IMG_20240329_063404.jpg,rosuvastatina cálcica,1010,Tem,,Alta,1,1,12.975,24,
IMG_20240329_063405.jpg,Torsilax,1010,Tem,,Alta,1,1,12.975,4,
IMG_20240329_063406.jpg,Elani ciclo drospirenona + etinilestradiol,1010,Tem,,Alta,1,1,12.975,1,
IMG_20240329_063407.jpg,acetilcisteína,1010,Tem,,Alta,1,1,12.975,12,
IMG_20240329_063408.jpg,amoxicilina,1010,Tem,,Alta,1,1,12.975,3,
IMG_20240329_063409.jpg,vitaxon C,1010,Tem,,Alta,1,1,12.975,1,
IMG_20240329_063410.jpg,prednisona,1010,Tem,,Alta,1,1,12.975,3,
IMG_20240329_063411.jpg,alopurinol,1010,Tem,,Alta,1,1,12.975,6,
IMG_20240329_063412.jpg,rosuvastatina cálcica,1010,Tem,,Alta,1,1,12.975,24,
IMG_20240329_063413.jpg,Glifage XR,1010,Tem,,Alta,1,1,12.975,5,
IMG_20240329_063414.jpg,cloridrato de bupropiona,1010,Tem,,Alta,1,1,12.975,3,
IMG_20240329_063415.jpg,olmesartana medoxomila + hidroclorotiazida,0110,Tem,,Alta,0,1,12.975,1,
IMG_20240329_063416.jpg,vitamina D3,1010,Tem,,Alta,1,1,12.975,2,
IMG_20240329_063417.jpg,deller SUCCINATO DE DESVENLAFAXINA MONOIDRATADO,1010,Tem,,Alta,1,1,12.975,1,
IMG_20240329_103239.jpg,Vitalion C,0101,Não tem,,Alta,0,0,9.008,1,1
IMG_20240329_103322.jpg,maleato de enalapril,0101,Tem,,Alta,0,0,9.008,4,
IMG_20240329_103349.jpg,hidroclorotiazida,1010,Tem,,Alta,1,1,9.008,8,
IMG_20240329_103403.jpg,Damin B6,1111,Tem,,Alta,1,1,9.008,1,
IMG_20240329_103434.jpg,zudaifu,1010,Tem,,Alta,1,1,9.008,1,
IMG_20240329_103505.jpg,salfato de neomicina + bacitracina zíncica,1010,Tem,,Alta,1,1,9.008,1,
IMG_20240329_103517.jpg,complexo B,1010,Tem,,Alta,1,1,9.008,2,
IMG_20240329_103540.jpg,propionato de clobetasol,0101,Tem,,Alta,0,0,9.008,6,
IMG_20240329_103555.jpg,Nervamin,1010,Tem,,Alta,1,1,9.008,1,
IMG_20240329_103632.jpg,rosuvastatina cálcica,1010,Tem,,Alta,1,1,9.008,24,
IMG_20240329_103634.jpg,rosuvastatina cálcica,0101,Tem,,Alta,0,0,9.008,24,
IMG_20240329_105524.jpg,maleato de enalapril,0101,Tem,,Alta,0,0,9.008,4,
IMG_20240329_105706.jpg,Dramin B6,0101,Tem,,Alta,0,0,9.008,11,
IMG_20240329_105710.jpg,Dramin B6,0101,Tem,,Alta,0,0,9.008,11,
IMG_20240329_105715.jpg,Dramin B6,1010,Tem,,Alta,1,1,9.008,11,
IMG_20240329_105716.jpg,Dramin B6,1010,Tem,,Alta,1,1,9.008,11,
IMG_20240329_105720.jpg,Dramin B6,1010,Tem,,Alta,1,1,9.008,11,
IMG_20240329_175607.jpg,Vick Pyrena Grip-7,0110,Tem,,Alta,0,1,12.000,5,
IMG_20240329_175612.jpg,Vick Pyrena Grip-7,1010,Tem,,Alta,1,1,12.000,5,
IMG_20240329_175624.jpg,Vick Pyrena Grip-7,0110,Tem,,Alta,0,1,12.000,5,
IMG_20240329_175629.jpg,Vick Pyrena Grip-7,0110,Tem,,Alta,0,1,12.000,5,
IMG_20240329_192024.jpg,Aradois,0101,Tem,,Alta,0,0,8.992,3,
IMG_20240329_192031.jpg,Aradois,0101,Tem,,Alta,0,0,8.992,3,
IMG_20240329_192100.jpg,oxalato de escitalopram,1010,Tem,,Alta,1,1,8.992,5,
IMG_20240329_212818.jpg,Aradois,1010,Tem,,Alta,1,1,8.992,3,
IMG_20240329_212836.jpg,Puran T4,1010,Tem,,Alta,1,1,8.992,4,
IMG_20240329_212852.jpg,pressat,1010,Tem,,Alta,1,1,8.992,2,
IMG_20240329_212906.jpg,indapamida,1010,Tem,,Alta,1,1,8.992,3,
IMG_20240329_212928.jpg,dipirona monoidratada,1010,Tem,,Alta,1,1,8.992,45,
IMG_20240329_212941.jpg,Buscopan composto,1111,Tem,,Alta,1,1,8.992,10,
IMG_20240329_213031.jpg,predinisolona,1010,Tem,,Alta,1,1,8.992,1,
IMG_20240329_213055.jpg,quinoflox,1010,Tem,,Alta,1,1,8.992,2,
IMG_20240329_213101.jpg,quinoflox,1010,Tem,,Alta,1,1,8.992,2,
IMG_20240329_213115.jpg,cetoprofeno,1010,Tem,,Alta,1,1,8.992,9,
IMG_20240329_213116.jpg,cetoprofeno,1010,Tem,,Alta,1,1,8.992,9,
IMG_20240329_213144.jpg,Vonau Flash,0110,Tem,,Alta,0,1,8.992,2,
IMG_20240329_213200.jpg,Doralgina,1010,Tem,,Alta,1,1,8.992,1,
IMG_20240329_213238.jpg,pregabalina,0101,Tem,,Alta,0,0,8.992,6,
IMG_20240329_213304.jpg,noutex cloridrato de ondansetrona,0110,Tem,,Alta,0,1,8.992,1,
IMG_20240329_213417.jpg,pressat,1010,Tem,,Alta,1,1,8.992,2,
IMG_20240329_213517.jpg,Puran T4,0110,Tem,,Alta,0,1,8.992,4,
IMG_20240329_213544.jpg,indapamida,1010,Tem,,Alta,1,1,8.992,3,
IMG_20240329_213549.jpg,indapamida,1010,Tem,,Alta,1,1,8.992,3,
IMG_20240329_213616.jpg,oxalato de escitalopram,1010,Tem,,Alta,1,1,8.992,5,
IMG_20240329_213624.jpg,oxalato de escitalopram,1010,Tem,,Alta,1,1,8.992,5,
IMG_20240331_104733.jpg,hemitartarato de zolpidem,1010,Tem,,Alta,1,1,12.000,7,
IMG_20240331_104759.jpg,bilastina,1010,Tem,,Alta,1,1,12.000,11,
IMG_20240331_104813.jpg,dews,1010,Tem,,Alta,1,1,12.000,1,
IMG_20240331_104822.jpg,Puran T4 levotiroxina sódica,1010,Tem,,Alta,1,1,12.000,11,
IMG_20240331_104851.jpg,Neo Fólico,1010,Tem,,Alta,1,1,12.000,1,
IMG_20240331_104934.jpg,FlancoX,1010,Tem,,Alta,1,1,12.000,3,
IMG_20240331_104953.jpg,cloridrato de tramadol,1010,Tem,,Alta,1,1,12.000,1,
IMG_20240331_105021.jpg,rosuvastatina cálcica,1010,Tem,,Alta,1,1,12.000,24,
IMG_20240401_163247.jpg,LacLev,0101,Não tem,,Alta,0,0,12.000,2,1
IMG_20240401_164426.jpg,LacLev,0101,Não tem,,Alta,0,0,12.000,2,1
IMG_20240401_165813.jpg,cloridrato de sertralina,1010,Tem,,Alta,1,1,12.000,4,
IMG_20240401_165822.jpg,amytril cloridrato de amitriptilina,1010,Tem,,Alta,1,1,12.000,1,
IMG_20240401_165836.jpg,Prysma,1010,Tem,,Alta,1,1,12.000,1,
IMG_20240401_165850.jpg,Daforin,1010,Tem,,Alta,1,1,12.000,1,
IMG_20240401_165908.jpg,atorvastatina cálcica,1010,Tem,,Alta,1,1,12.000,9,
IMG_20240401_173854.jpg,Anti Séptico Clo,0110,Não tem,,Alta,0,1,12.000,1,1
IMG_20240401_174026.jpg,Sal de Fruta ENO,0101,Tem,,Alta,0,0,12.000,14,
IMG_20240401_174035.jpg,Sal de Fruta ENO,0101,Tem,,Alta,0,0,12.000,14,
IMG_20240401_174041.jpg,Sal de Fruta ENO,0101,Tem,,Alta,0,0,12.000,14,
IMG_20240401_174045.jpg,Sal de Fruta ENO,0101,Tem,,Alta,0,0,12.000,14,
IMG_20240402_144440.jpg,Avamys,1010,Tem,,Alta,1,1,12.000,2,
IMG_20240402_171731.jpg,Sal de Fruta ENO,1010,Tem,,Alta,1,1,12.000,14,
IMG_20240402_171738.jpg,Sal de Fruta ENO,1010,Tem,,Alta,1,1,12.000,14,
IMG_20240402_171745.jpg,Sal de Fruta ENO,1010,Tem,,Alta,1,1,12.000,14,
IMG_20240402_171750.jpg,Sal de Fruta ENO,1010,Tem,,Alta,1,1,12.000,14,
IMG_20240402_191247.jpg,Sonrisal,0101,Tem,,Alta,0,0,8.992,5,
IMG_20240402_191254.jpg,Sonrisal,0101,Tem,,Alta,0,0,8.992,5,
IMG_20240402_191317.jpg,Sonrisal,0101,Tem,,Alta,0,0,8.992,5,
IMG_20240403_212000.jpg,Alivium,1010,Tem,,Alta,1,1,12.000,2,
IMG_20240403_212015.jpg,bilastina,0110,Tem,,Alta,0,1,12.000,11,
IMG_20240403_212030.jpg,dipirona monoidratada,1010,Tem,,Alta,1,1,12.000,45,
IMG_20240403_212045.jpg,Acetilcisteína,0101,Tem,,Alta,0,0,12.000,12,
IMG_20240403_212600.jpg,Neo Loratadin loratadina,1010,Tem,,Alta,1,1,12.000,1,
IMG_20240403_212609.jpg,Neo Loratadin,0110,Tem,,Alta,0,1,12.000,1,
IMG_20240403_212618.jpg,salonpas gel,0101,Tem,,Alta,0,0,12.000,2,
IMG_20240403_212627.jpg,salonpas gel,0101,Tem,,Alta,0,0,12.000,2,
IMG_20240403_212636.jpg,Aerolin,1010,Tem,,Alta,1,1,12.000,3,
IMG_20240403_212645.jpg,Buscoduo,0110,Tem,,Alta,0,1,12.000,4,
IMG_20240403_212654.jpg,paracetamol,1010,Tem,,Alta,1,1,12.000,11,
IMG_20240403_212700.jpg,omeprazol,1010,Tem,,Alta,1,1,12.000,5,
IMG_20240403_213200.jpg,Cimegripe,1010,Tem,,Alta,1,1,12.000,10,
IMG_20240403_213205.jpg,cloridrato de moxifloxacino,1010,Tem,,Alta,1,1,12.000,1,
IMG_20240403_213210.jpg,cloridrato de ciclobenzaprina,1010,Tem,,Alta,1,1,12.000,5,
IMG_20240403_213215.jpg,Loratamed,1010,Tem,,Alta,1,1,12.000,9,
IMG_20240403_213220.jpg,prednisona,1010,Tem,,Alta,1,1,12.000,3,
IMG_20240403_213225.jpg,esomeprazol magnésico tri-hidratado,1010,Tem,,Alta,1,1,12.000,4,
IMG_20240403_213230.jpg,budesonida,1010,Tem,,Alta,1,1,12.000,4,
IMG_20240403_213235.jpg,Atak Clav amoxicilina tri-hidratada + clavulanato de potássio,1010,Tem,,Alta,1,1,12.000,1,
IMG_20240403_213240.jpg,dipirona monoidratada,0101,Tem,,Alta,0,0,12.000,45,
IMG_20240403_213245.jpg,Hormus,1010,Tem,,Alta,1,1,12.000,1,
IMG_20240403_214700.jpg,acetilcisteína,0101,Tem,,Alta,0,0,12.000,12,
IMG_20240403_214705.jpg,acetilcisteína,1010,Tem,,Alta,1,1,12.000,12,
IMG_20240403_214710.jpg,acetilcisteína,1010,Tem,,Alta,1,1,12.000,12,
IMG_20240403_214715.jpg,acetilcisteína,1010,Tem,,Alta,1,1,12.000,12,
IMG_20240403_214720.jpg,Alivium,0101,Tem,,Alta,0,0,12.000,2,
IMG_20240403_214725.jpg,Alivium ibuprofeno,1010,Tem,,Alta,1,1,12.000,1,
IMG_20240403_214730.jpg,dipirona monoidratada,1010,Tem,,Alta,1,1,12.000,45,
IMG_20240403_214735.jpg,dipirona monoidratada,1010,Tem,,Alta,1,1,12.000,45,
IMG_20240403_214740.jpg,bilastina,1010,Tem,,Alta,1,1,12.000,11,
IMG_20240403_214745.jpg,bilastina,1010,Tem,,Alta,1,1,12.000,11,
IMG_20240403_214900.jpg,minoxidil,1010,Tem,,Alta,1,1,12.000,1,
IMG_20240404_131730.jpg,diclofenaco dietilamônio,1010,Tem,,Alta,1,1,12.000,8,
IMG_20240404_131742.jpg,Solução fisiológica de cloreto de sódio,1010,Tem,,Alta,1,1,12.000,1,
IMG_20240404_160620.jpg,Tropinal,0110,Tem,,Alta,0,1,12.000,4,
IMG_20240404_160629.jpg,Tropinal,1010,Tem,,Alta,1,1,12.000,4,
IMG_20240404_204143.jpg,maleato de enalapril,1010,Tem,,Alta,1,1,12.485,4,
IMG_20240404_204209.jpg,Simeticona,1010,Tem,,Alta,1,1,12.485,29,
IMG_20240404_204225.jpg,Cenevit Zinco,0101,Não tem,,Alta,0,0,12.485,1,1
IMG_20240404_204241.jpg,Percoide prednisolona,1010,Tem,,Alta,1,1,12.485,1,
IMG_20240404_204251.jpg,Myrafer,1010,Tem,,Alta,1,1,12.485,1,
IMG_20240404_204304.jpg,AltaD,1010,Tem,,Alta,1,1,12.485,1,
IMG_20240404_204315.jpg,Ivermectina,1010,Tem,,Alta,1,1,12.485,8,
IMG_20240404_204334.jpg,Deltalab,0101,Não tem,,Alta,0,0,12.485,1,1
IMG_20240404_204349.jpg,ibuprofeno,1010,Tem,,Alta,1,1,12.485,2,
IMG_20240404_204401.jpg,clonazepan,1010,Tem,,Alta,1,1,12.485,1,
IMG_20240404_204417.jpg,Voextor,1010,Tem,,Alta,1,1,12.485,1,
IMG_20240404_204429.jpg,Cerumin,1010,Tem,,Alta,1,1,12.485,4,
IMG_20240404_204439.jpg,clortalidona,1010,Tem,,Alta,1,1,12.485,1,
IMG_20240404_204450.jpg,rosuvastatina cálcica,1010,Tem,,Alta,1,1,12.485,24,
IMG_20240404_204501.jpg,ácido acetilsalicílico,1010,Tem,,Alta,1,1,12.485,1,
IMG_20240404_204538.jpg,Buscopan,0101,Tem,,Alta,0,0,12.485,3,
IMG_20240404_204637.jpg,nistatina + óxido de zinco,1010,Tem,,Alta,1,1,12.485,1,
IMG_20240404_204655.jpg,Pomada minancora,1010,Tem,,Média,1,1,1.224,1,
IMG_20240404_204737.jpg,triancinolona acetonida,1010,Tem,,Alta,1,1,12.485,3,
IMG_20240404_204748.jpg,dipirona monoidratada,1010,Tem,,Alta,1,1,12.485,45,
IMG_20240404_204804.jpg,omeprazol,1010,Tem,,Alta,1,1,12.485,5,
IMG_20240404_204826.jpg,simeticona,1010,Tem,,Alta,1,1,12.485,29,
IMG_20240404_204841.jpg,neopiridin,0101,Tem,,Alta,0,0,12.485,7,
IMG_20240404_204855.jpg,malvona,1010,Tem,,Alta,1,1,12.485,1,
IMG_20240404_204909.jpg,solução de cloreto de sódio,1111,Tem,,Alta,1,1,12.485,1,
IMG_20240404_204924.jpg,adeforte,0101,Não tem,,Alta,0,0,12.485,1,1
IMG_20240404_204935.jpg,tadalafila,1010,Tem,,Alta,1,1,12.485,4,
IMG_20240404_204947.jpg,nistatina,1010,Tem,,Alta,1,1,12.485,1,
IMG_20240404_205019.jpg,Magnésio malato,0110,Não tem,,Alta,0,1,12.485,1,1
IMG_20240404_205033.jpg,Vitamina MK2 K2,0101,Não tem,,Alta,0,0,12.485,1,1
IMG_20240404_205044.jpg,extrato de própolis,0110,Não tem,,Alta,0,1,12.485,1,1
IMG_20240405_111245.jpg,Aubagio teriflunomida,1010,Tem,,Alta,1,1,12.000,2,
IMG_20240406_170942.jpg,Epocler,0101,Tem,,Alta,0,0,12.000,3,
IMG_20240406_171001.jpg,Neocopan composto,0101,Tem,,Alta,0,0,12.000,2,
IMG_20240406_171029.jpg,ácido mefenâmico,0101,Tem,,Alta,0,0,12.000,5,
IMG_20240406_171031.jpg,ácido mefenâmico,0101,Tem,,Alta,0,0,12.000,5,
IMG_20240406_171041.jpg,Clo CLORIDRATO DE CLOMIPRAMINA,1010,Tem,,Alta,1,1,12.000,1,
IMG_20240406_171054.jpg,pantoprazol sódico sesqui-hidratado,0111,Tem,,Alta,0,1,12.000,6,
IMG_20240406_171112.jpg,Neocopan composto,1010,Tem,,Alta,1,1,12.000,2,
IMG_20240406_171159.jpg,Loratamed,1010,Tem,,Alta,1,1,12.000,9,
IMG_20240408_112639.jpg,Inilok,1010,Tem,,Alta,1,1,12.000,1,
IMG_20240408_112724.jpg,citoneurin,1010,Tem,,Alta,1,1,12.000,2,
IMG_20240408_112734.jpg,flancox,1010,Tem,,Alta,1,1,12.000,3,
IMG_20240408_112755.jpg,Dulcolax,0101,Tem,,Alta,0,0,12.000,2,
IMG_20240408_112809.jpg,Centrum,0101,Não tem,,Alta,0,0,12.000,3,1
IMG_20240408_112834.jpg,atorvastatina cálcica,1010,Tem,,Alta,1,1,12.000,9,
IMG_20240408_112853.jpg,decogex plus,0101,Tem,,Alta,0,0,12.000,1,
IMG_20240408_112905.jpg,cinarizina,1010,Tem,,Alta,1,1,12.000,2,
IMG_20240408_132618.jpg,Centrum,0110,Não tem,,Alta,0,1,12.000,3,1
IMG_20240408_132628.jpg,Centrum,0110,Não tem,,Alta,0,1,12.000,3,1
IMG_20240408_132723.jpg,Dulcolax,0101,Tem,,Alta,0,0,12.000,2,
IMG_20240408_164825.jpg,Repoflor,1010,Tem,,Alta,1,1,12.000,4,
IMG_20240408_164834.jpg,Repoflor,1010,Tem,,Alta,1,1,12.000,4,
IMG_20240408_164842.jpg,Buscopan Composto,0111,Tem,,Alta,0,1,12.000,10,
IMG_20240408_165014.jpg,Buscopan Composto butilbrometo de escopolamina + dipirona monoidratada,1010,Tem,,Alta,1,1,12.000,1,
IMG_20240408_165117.jpg,Repoflor,1010,Tem,,Alta,1,1,12.000,4,
IMG_20240409_192238.jpg,Aerolin,1010,Tem,,Alta,1,1,12.000,3,
IMG_20240411_132844.jpg,dipirona monoidratada,0110,Tem,,Alta,0,1,12.000,45,
IMG_20240411_191654.jpg,Torsilax,1010,Tem,,Alta,1,1,12.000,4,
IMG_20240411_191658.jpg,Torsilax,1010,Tem,,Alta,1,1,12.000,4,
IMG_20240411_191719.jpg,Torsilax,1010,Tem,,Alta,1,1,12.000,4,
IMG_20240413_214528.jpg,Sosseg,1010,Tem,,Alta,1,1,12.000,9,
IMG_20240413_214537.jpg,Sosseg,1010,Tem,,Alta,1,1,12.000,9,
IMG_20240413_214655.jpg,Sosseg,1010,Tem,,Alta,1,1,12.000,9,
IMG_20240415_094758.jpg,rosuvastatina cálcica,1010,Tem,,Alta,1,1,12.583,24,
IMG_20240415_094813.jpg,hemifumarato de bisoprolol,1010,Tem,,Alta,1,1,12.583,1,
IMG_20240415_094830.jpg,Solução de cloreto de sódio cloreto de benzalcônio,0101,Não tem,,Alta,0,0,12.583,1,1
IMG_20240415_094840.jpg,diclofenaco dietilamônio,0101,Tem,,Alta,0,0,12.583,8,
IMG_20240415_094849.jpg,acetilcisteína,1010,Tem,,Alta,1,1,12.583,12,
IMG_20240415_094916.jpg,Alektos,1010,Tem,,Alta,1,1,12.583,2,
IMG_20240415_094928.jpg,Sal de Fruta Eno,0101,Tem,,Alta,0,0,12.583,14,
IMG_20240415_094943.jpg,Epocler,0101,Tem,,Alta,0,0,12.583,3,
IMG_20240415_094956.jpg,hidroclorotiazida,1010,Tem,,Alta,1,1,12.583,8,
IMG_20240415_095014.jpg,BenicarAnlo,1010,Tem,,Alta,1,1,12.583,1,
IMG_20240415_121205.jpg,valerimed,1010,Tem,,Alta,1,1,12.583,2,
IMG_20240415_121211.jpg,valerimed,1010,Tem,,Alta,1,1,12.583,2,
IMG_20240415_121435.jpg,DraminB6,0101,Tem,,Alta,0,0,12.583,2,
IMG_20240415_121505.jpg,DraminB6,0101,Tem,,Alta,0,0,12.583,2,
IMG_20240415_162832.jpg,Sal de Fruta Eno,0101,Tem,,Alta,0,0,12.583,14,
IMG_20240415_163008.jpg,diclofenaco dietilamônio,0111,Tem,,Alta,0,1,12.583,8,
IMG_20240415_190446.jpg,cetoprofeno,1010,Tem,,Alta,1,1,12.000,9,
IMG_20240415_190520.jpg,cetoprofeno,1010,Tem,,Alta,1,1,12.000,9,
IMG_20240415_190554.jpg,dipirona monoidratada,1010,Tem,,Alta,1,1,12.000,45,
IMG_20240415_190624.jpg,simeticona,1010,Tem,,Alta,1,1,12.000,29,
IMG_20240415_190633.jpg,estomazil,1010,Tem,,Alta,1,1,12.000,3,
IMG_20240415_190643.jpg,gliconato de clorexidina,1010,Tem,,Alta,1,1,12.000,1,
IMG_20240415_190741.jpg,Novalgina,0101,Tem,,Alta,0,0,12.000,2,
IMG_20240415_190804.jpg,Novalgina,0101,Tem,,Alta,0,0,12.000,2,
IMG_20240415_192442.jpg,Plasil cloridrato de metoclopramida,1010,Tem,,Alta,1,1,12.000,3,
IMG_20240415_192449.jpg,Buscopan,1011,Tem,,Alta,1,1,12.000,3,
IMG_20240415_192456.jpg,Aerolin,1010,Tem,,Alta,1,1,12.000,3,
IMG_20240417_154246.jpg,Doxaprost mesilado de doxazosina,1010,Tem,,Alta,1,1,12.000,1,
IMG_20240417_154309.jpg,dipirona monoidratada,1010,Tem,,Alta,1,1,12.000,45,
IMG_20240417_154333.jpg,Flanax naproxeno sódico,0101,Tem,,Alta,0,0,12.000,2,
IMG_20240417_154342.jpg,Flanax naproxeno sódico,1010,Tem,,Alta,1,1,12.000,2,
IMG_20240417_154356.jpg,dipirona monoidratada,1010,Tem,,Alta,1,1,12.000,45,
IMG_20240417_154429.jpg,Calcitran D3,0101,Tem,,Alta,0,0,12.000,2,
IMG_20240417_154435.jpg,Calcitran D3,0110,Não tem,,Alta,0,1,12.000,2,1
IMG_20240417_154454.jpg,Complexo B,1010,Tem,,Alta,1,1,12.000,2,
IMG_20240417_154541.jpg,Ibrupril,1110,Tem,,Alta,1,1,12.000,1,
IMG_20240417_154552.jpg,Tylex paracetamol + fosfato de codeina,1010,Tem,,Alta,1,1,12.000,2,
IMG_20240417_154557.jpg,Tylex paracetamol + fosfato de codeina,1010,Tem,,Alta,1,1,12.000,2,
IMG_20240417_154615.jpg,Cystex,1010,Tem,,Alta,1,1,12.000,2,
IMG_20240417_154625.jpg,cloridrato de amitriptilina,1010,Tem,,Alta,1,1,12.000,1,
IMG_20240417_154648.jpg,diprogenta dipropionato de betametasona + sulfato de gentamicina,1010,Tem,,Alta,1,1,12.000,1,
IMG_20240417_154705.jpg,pregabalina,1010,Tem,,Alta,1,1,12.000,6,
IMG_20240417_154720.jpg,cefalexina,1010,Tem,,Alta,1,1,12.000,1,
IMG_20240417_154756.jpg,Puran T4 levotiroxina sódica,1010,Tem,,Alta,1,1,12.000,11,
IMG_20240418_122147.jpg,SonoZzz Melatonina,1010,Tem,,Alta,1,1,12.000,3,
IMG_20240419_213754.jpg,Neuleptil,1010,Tem,,Alta,1,1,12.000,1,
IMG_20240419_213801.jpg,Aerolin Spray,1010,Tem,,Alta,1,1,12.000,3,
IMG_20240419_213806.jpg,carbonato de lítio,1010,Tem,,Alta,1,1,12.000,2,
IMG_20240419_213814.jpg,diazepam,1010,Tem,,Alta,1,1,12.000,1,
IMG_20240419_213822.jpg,tamiflu fosfato de oseltamivir,1010,Tem,,Alta,1,1,12.000,1,
IMG_20240419_213828.jpg,Vick Pyrena Grip-7,0110,Tem,,Alta,0,1,12.000,5,
IMG_20240419_213836.jpg,Nuromol,0101,Tem,,Alta,0,0,12.000,2,
IMG_20240419_213847.jpg,pantoprazol sódico sesqui-hidratado,0101,Tem,,Alta,0,0,12.000,6,
IMG_20240419_213853.jpg,Clavulin BD Amoxicilina + Clavulanato de Potássio,1010,Tem,,Alta,1,1,12.000,1,
IMG_20240419_213911.jpg,Prelone prednisolona,1010,Tem,,Alta,1,1,12.000,1,
IMG_20240419_213917.jpg,oxalato de escitalopram,1010,Tem,,Alta,1,1,12.000,5,
IMG_20240419_213927.jpg,estomazil,0101,Tem,,Alta,0,0,12.000,3,
IMG_20240419_213951.jpg,Berotec,1010,Tem,,Alta,1,1,12.000,1,
IMG_20240419_213959.jpg,maleato de dexclorfeniramina + betametasona,0110,Tem,,Alta,0,1,12.000,3,
IMG_20240419_214045.jpg,Atrovent,1010,Tem,,Alta,1,1,12.000,1,
IMG_20240419_214214.jpg,sulfato de neomicina + bacitracina zíncica,1010,Tem,,Alta,1,1,12.000,14,
IMG_20240419_214222.jpg,cetoconazol,0101,Tem,,Alta,0,0,12.000,2,
IMG_20240419_214231.jpg,sulfato de neomicina bacitracina zíncica,1010,Tem,,Alta,1,1,12.000,1,
IMG_20240419_214251.jpg,Trok-G,0101,Tem,,Alta,0,0,12.000,1,
IMG_20240419_214313.jpg,Biofenac,0101,Tem,,Alta,0,0,12.000,3,
IMG_20240419_214324.jpg,Nebacetin,1010,Tem,,Alta,1,1,12.000,1,
IMG_20240419_214404.jpg,rosuvastatina cálcica,1010,Tem,,Alta,1,1,12.000,24,
IMG_20240419_214513.jpg,losartana potássica,1010,Tem,,Alta,1,1,12.000,9,
IMG_20240419_214531.jpg,alprazolam,1010,Tem,,Alta,1,1,12.000,2,
IMG_20240419_214555.jpg,Glifage XR,0101,Tem,,Alta,0,0,12.000,5,
IMG_20240419_214623.jpg,Apresolina,1010,Tem,,Alta,1,1,12.000,1,
IMG_20240420_124633.jpg,Eno Pastilhas Mastigáveis carbonato de cálcio,0101,Não tem,,Alta,0,0,12.000,1,1
IMG_20240420_124648.jpg,Eno Pastilhas Mastigáveis,1010,Tem,,Alta,1,1,12.000,1,
IMG_20240420_174711.jpg,Imosec,1010,Tem,,Alta,1,1,12.000,2,
IMG_20240420_174746.jpg,Imosec,1010,Tem,,Alta,1,1,12.000,2,
IMG_20240420_174805.jpg,FontD colecalciferol,1010,Tem,,Alta,1,1,12.000,2,
IMG_20240420_174831.jpg,FontD colecalciferol,1010,Tem,,Alta,1,1,12.000,2,
IMG_20240420_174856.jpg,Vitamina D3 colecalciferol,1010,Tem,,Alta,1,1,12.000,7,
IMG_20240420_174921.jpg,Vitamina D3 colecalciferol,0110,Tem,,Alta,0,1,12.000,7,
IMG_20240420_174941.jpg,Lactosil,0101,Não tem,,Alta,0,0,12.000,3,1
IMG_20240420_175002.jpg,Lactosil,0110,Não tem,,Alta,0,1,12.000,3,1
IMG_20240420_175939.jpg,succinato de metoprolol,1010,Tem,,Alta,1,1,7.023,1,
IMG_20240420_182629.jpg,Besilapin besilato de anlodipino,1010,Tem,,Alta,1,1,7.023,1,
IMG_20240420_182824.jpg,rosuvastatina cálcica,1010,Tem,,Alta,1,1,7.023,24,
IMG_20240420_182851.jpg,maleato de enalapril,1010,Tem,,Alta,1,1,12.485,4,
IMG_20240420_182900.jpg,paracetamol,1010,Tem,,Alta,1,1,12.485,11,
IMG_20240420_182927.jpg,acetilcisteína,1010,Tem,,Alta,1,1,12.485,12,
IMG_20240420_183019.jpg,amoxicilina + clavulanato de potássio,1010,Tem,,Alta,1,1,12.485,2,
IMG_20240420_184535.jpg,furosemida,1010,Tem,,Alta,1,1,12.485,1,
IMG_20240420_184541.jpg,Entresto,1010,Tem,,Alta,1,1,12.485,1,
IMG_20240420_184547.jpg,vivacitá colágeno tipo ii,0101,Não tem,,Alta,0,0,12.485,1,1
IMG_20240420_184552.jpg,carvedilol,0101,Tem,,Alta,0,0,12.485,1,
IMG_20240420_184559.jpg,forxiga,1010,Tem,,Alta,1,1,12.485,1,
IMG_20240420_184607.jpg,azukon MR gliclazida,1010,Tem,,Alta,1,1,12.485,1,
IMG_20240420_184615.jpg,cloridrato de amiodarona,0110,Tem,,Alta,0,1,12.485,1,
IMG_20240420_184629.jpg,rivaroxabana,1010,Tem,,Alta,1,1,12.485,1,
IMG_20240421_000429.jpg,cloridrato de ondansetrona,1010,Tem,,Alta,1,1,16.036,2,
IMG_20240421_000432.jpg,prednisona,1010,Tem,,Alta,1,1,16.036,3,
IMG_20240421_000436.jpg,Repoflor,0101,Tem,,Alta,0,0,16.036,4,
IMG_20240421_000441.jpg,decadron dexametasona,1010,Tem,,Alta,1,1,16.036,1,
IMG_20240421_000448.jpg,lavitan,0110,Não tem,,Alta,0,1,16.036,1,1
IMG_20240421_000454.jpg,rehidrat,1010,Tem,,Alta,1,1,16.036,2,
IMG_20240421_000503.jpg,etna,1010,Tem,,Alta,1,1,16.036,1,
IMG_20240421_000515.jpg,Buscopan butilbrometo de escopolamina,0101,Tem,,Alta,0,0,16.036,1,
IMG_20240421_000523.jpg,cloridrato de prometazina,1010,Tem,,Alta,1,1,16.036,1,
IMG_20240421_000529.jpg,cloridrato de ciclobenzaprina,1010,Tem,,Alta,1,1,16.036,5,
IMG_20240421_000543.jpg,Dorflex,0101,Tem,,Alta,0,0,9.293,6,
IMG_20240421_000550.jpg,amoxicilina,0101,Tem,,Alta,0,0,16.036,3,
IMG_20240421_000557.jpg,Glifage XR,1010,Tem,,Alta,1,1,7.146,5,
IMG_20240421_000607.jpg,Magnésia Bisurada,0110,Não tem,,Alta,0,1,16.036,1,1
IMG_20240421_000615.jpg,Dramin B6,0101,Tem,,Alta,0,0,16.036,11,
IMG_20240421_000626.jpg,vick Pyrena paracetamol,1010,Tem,,Alta,1,1,16.036,1,
IMG_20240421_000635.jpg,Enavo ODT,0110,Tem,,Alta,0,1,16.036,1,
IMG_20240421_000640.jpg,Cimelide,1010,Tem,,Alta,1,1,16.036,2,
IMG_20240421_000723.jpg,Rivotril,1010,Tem,,Alta,1,1,16.036,1,
IMG_20240421_000728.jpg,Aspirina,0101,Tem,,Alta,0,0,16.036,1,
IMG_20240421_000733.jpg,Cimelide,1010,Tem,,Alta,1,1,16.036,2,
IMG_20240421_000743.jpg,Cerumin,1010,Tem,,Alta,1,1,16.036,4,
IMG_20240421_000748.jpg,azitromicina di-hidratada,1010,Tem,,Alta,1,1,16.036,8,
IMG_20240421_000751.jpg,azitromicina di-hidratada,1010,Tem,,Alta,1,1,16.036,8,
IMG_20240421_000801.jpg,cetoconazol + dipropionado de betametasona + sulfato de neomicina,0101,Tem,,Alta,0,0,16.036,1,
IMG_20240421_000810.jpg,Biofloxacin,0110,Não tem,,Alta,0,1,16.036,2,1
IMG_20240421_000818.jpg,Biofloxacin,0110,Não tem,,Alta,0,1,16.036,2,1
IMG_20240421_000840.jpg,Melatonina,0101,Não tem,,Alta,0,0,16.036,2,1
IMG_20240421_000847.jpg,Vitamina D,0110,Tem,,Alta,0,1,16.036,8,
IMG_20240421_000854.jpg,carbonato de lítio,1010,Tem,,Alta,1,1,16.036,2,
IMG_20240421_000906.jpg,hemifumarato de quetiapina,0101,Tem,,Alta,0,0,16.036,1,
IMG_20240421_000914.jpg,inzelm fumarato de vonoprazana,1010,Tem,,Alta,1,1,16.036,1,
IMG_20240422_133221.jpg,diclofenaco sódico,0101,Tem,,Alta,0,0,12.000,1,
IMG_20240422_133241.jpg,cefalexina monoidratada,1110,Tem,,Alta,1,1,12.000,1,
IMG_20240423_213124.jpg,OptoCare,1010,Tem,,Alta,1,1,12.000,2,
IMG_20240424_182856.jpg,Vóric trometamol cetorolaco,0111,Tem,,Alta,0,1,12.000,1,
IMG_20240424_182915.jpg,Proflam aceclofenaco,1010,Tem,,Alta,1,1,12.000,1,
IMG_20240424_182932.jpg,Naire bilastina,1010,Tem,,Alta,1,1,12.000,1,
IMG_20240424_182947.jpg,Atacand candesartana cilexetila,1010,Tem,,Alta,1,1,12.000,1,
IMG_20240424_183025.jpg,Tylenol DC,1010,Tem,,Alta,1,1,12.000,1,
IMG_20240424_183046.jpg,succitrat cloreto de suxametônio,1010,Tem,,Alta,1,1,12.000,1,
IMG_20240424_193520.jpg,EasyLac,0110,Não tem,,Alta,0,1,12.000,2,1
IMG_20240424_193527.jpg,EasyLac,0110,Não tem,,Alta,0,1,12.000,2,1
IMG_20240424_193540.jpg,Loratamed,1010,Tem,,Alta,1,1,12.000,9,
IMG_20240424_193543.jpg,Loratamed,1010,Tem,,Alta,1,1,12.000,9,
IMG_20240424_193552.jpg,cloridrato de sertralina,0111,Tem,,Alta,0,1,12.000,4,
IMG_20240424_193600.jpg,azitromicina di-hidratada,1110,Tem,,Alta,1,1,12.000,8,
IMG_20240424_193614.jpg,dipirona monoidratada,1010,Tem,,Alta,1,1,12.000,45,
IMG_20240424_193631.jpg,predsigma,1010,Tem,,Alta,1,1,12.000,1,
IMG_20240424_201428.jpg,cloridrato de ambroxol,1010,Tem,,Alta,1,1,12.000,5,
IMG_20240424_201432.jpg,cloridrato de ambroxol,1010,Tem,,Alta,1,1,12.000,5,
IMG_20240424_201508.jpg,Allexofedrin cloridrato de fexofenadina + cloridrato de pseudoefedrina,1010,Tem,,Alta,1,1,12.000,2,
IMG_20240424_201521.jpg,Allexofedrin cloridrato de fexofenadina + cloridrato de pseudoefedrina,0110,Tem,,Alta,0,1,12.000,2,
IMG_20240424_201543.jpg,Benegrip Multi noite,1010,Tem,,Alta,1,1,12.000,1,
IMG_20240424_201621.jpg,Bio-C Zinco,0110,Não tem,,Alta,0,1,12.000,2,1
IMG_20240424_201632.jpg,Calmitane,0110,Não tem,,Alta,0,1,12.000,3,1
IMG_20240424_201648.jpg,Calmitane,0110,Não tem,,Alta,0,1,12.000,3,1
IMG_20240424_201704.jpg,Alenia,1010,Tem,,Alta,1,1,12.000,2,
IMG_20240424_201748.jpg,Quadriderm,1010,Tem,,Alta,1,1,12.000,1,
IMG_20240424_201805.jpg,Frontal alprazolam,1010,Tem,,Alta,1,1,12.000,2,
IMG_20240424_201806.jpg,Frontal alprazolam,1010,Tem,,Alta,1,1,12.000,2,
IMG_20240424_201816.jpg,Vick VapoRub,0101,Tem,,Alta,0,0,12.000,4,
IMG_20240424_201830.jpg,mirtax cloridrato de ciclobenzaprina,1010,Tem,,Alta,1,1,12.000,1,
IMG_20240424_201840.jpg,Quadridem,0101,Tem,,Alta,0,0,12.000,1,
IMG_20240424_201848.jpg,Bicerto cetoprofeno,1010,Tem,,Alta,1,1,12.000,2,
IMG_20240424_201909.jpg,Bicerto cetoprofeno,1010,Tem,,Alta,1,1,12.000,2,
IMG_20240424_201947.jpg,Eferderm,0101,Não tem,,Alta,0,0,12.000,1,1
IMG_20240424_202007.jpg,pantoprazol sódico sesqui-hidratado,1010,Tem,,Alta,1,1,12.000,6,
IMG_20240424_202033.jpg,pantoprazol sódico sesqui-hidratado,0101,Tem,,Alta,0,0,12.000,6,
IMG_20240424_202054.jpg,Patanol S,0101,Tem,,Alta,0,0,12.000,1,
IMG_20240424_202152.jpg,Musculare cloridrato de ciclobenzaprina,1010,Tem,,Alta,1,1,12.000,1,
IMG_20240424_202246.jpg,Lacday,0110,Não tem,,Alta,0,1,12.000,1,1
IMG_20240424_202255.jpg,novanoite,0110,Não tem,,Alta,0,1,12.000,4,1
IMG_20240424_202307.jpg,novanoite,0110,Não tem,,Alta,0,1,12.000,4,1
IMG_20240424_202324.jpg,Ondif ondansetrona,1010,Tem,,Alta,1,1,12.000,1,
IMG_20240424_202355.jpg,Allegra D cloridrato de fexofenadina + cloridrato de pseudoefedrina,1010,Tem,,Alta,1,1,12.000,1,
IMG_20240424_202413.jpg,Allegra D,0110,Tem,,Alta,0,1,12.000,1,
IMG_20240424_202442.jpg,brometo de ipratrópio,1010,Tem,,Alta,1,1,12.000,2,
IMG_20240424_202450.jpg,brometo de ipratrópio,1010,Tem,,Alta,1,1,12.000,2,
IMG_20240424_202507.jpg,mesalazina,1010,Tem,,Alta,1,1,12.000,3,
IMG_20240424_202510.jpg,mesalazina,1010,Tem,,Alta,1,1,12.000,3,
IMG_20240424_202511.jpg,mesalazina,1010,Tem,,Alta,1,1,12.000,3,
IMG_20240424_202530.jpg,sulfato de neomicina + bacitracina zíncica,1010,Tem,,Alta,1,1,12.000,14,
IMG_20240424_202550.jpg,sulfato de neomicina + bacitracina zíncica,1010,Tem,,Alta,1,1,12.000,14,
IMG_20240424_202625.jpg,Aberalgina dipirona monoidratada,1110,Tem,,Alta,1,1,12.000,1,
IMG_20240424_202653.jpg,Novanoite,0110,Não tem,,Alta,0,1,12.000,4,1
IMG_20240424_202705.jpg,Novanoite,0110,Não tem,,Alta,0,1,12.000,4,1
IMG_20240424_202718.jpg,Dramin B6,1010,Tem,,Alta,1,1,12.000,11,
IMG_20240424_202731.jpg,Dramin B6,0101,Tem,,Alta,0,0,12.000,11,
IMG_20240424_202748.jpg,cloridrato de ondansetrona,1010,Tem,,Alta,1,1,12.000,2,
IMG_20240424_202816.jpg,Calmitane,0110,Não tem,,Alta,0,1,12.000,3,1
IMG_20240424_202846.jpg,cetoconazol,1010,Tem,,Alta,1,1,12.000,2,
IMG_20240424_202901.jpg,ácido tranexâmico,1010,Tem,,Alta,1,1,12.000,4,
IMG_20240424_202923.jpg,ácido tranexâmico,0110,Tem,,Alta,0,1,12.000,4,
IMG_20240424_202927.jpg,ácido tranexâmico,0110,Tem,,Alta,0,1,12.000,4,
IMG_20240424_202949.jpg,Dipimed,1010,Tem,,Alta,1,1,12.000,2,
IMG_20240424_203005.jpg,Bio-c Zinco,0110,Não tem,,Alta,0,1,12.000,2,1
IMG_20240424_203049.jpg,Alenia,1010,Tem,,Alta,1,1,12.000,2,
IMG_20240424_203100.jpg,Mirador cólica,1010,Tem,,Alta,1,1,12.000,2,
IMG_20240424_203109.jpg,Mirador cólica,1010,Tem,,Alta,1,1,12.000,2,
IMG_20240424_203127.jpg,alcort prednisolona,1010,Tem,,Alta,1,1,12.000,1,
IMG_20240424_203137.jpg,colírio moura brasil,0110,Tem,,Alta,0,1,12.000,1,
IMG_20240426_000908.jpg,aciclovir,1010,Tem,,Alta,1,1,12.000,10,
IMG_20240426_000937.jpg,aciclovir,1010,Tem,,Alta,1,1,12.000,10,
IMG_20240426_000942.jpg,aciclovir,1010,Tem,,Alta,1,1,12.000,10,
IMG_20240426_173607.jpg,Somalgin cardio ácido acetilsalicílico,1010,Tem,,Alta,1,1,12.193,1,
IMG_20240426_173616.jpg,Vynaxa rivaroxabana,0101,Tem,,Alta,0,0,12.193,1,
IMG_20240426_173624.jpg,Lefor besilato de levanlodipino,1010,Tem,,Alta,1,1,12.193,1,
IMG_20240426_173633.jpg,Bramicar HTC telmisatana + hidroclorotiazida,1010,Tem,,Alta,1,1,12.193,1,
IMG_20240426_173639.jpg,Neovangy MR dicloridrato de trimetazidina,1010,Tem,,Alta,1,1,12.193,1,
IMG_20240427_163713.jpg,acetilcisteína,0101,Tem,,Alta,0,0,11.968,12,
IMG_20240427_163724.jpg,Gastrogel fresh,0110,Não tem,,Alta,0,1,11.968,2,1
IMG_20240427_163734.jpg,cloridrato de loperamida,0111,Tem,,Alta,0,1,11.968,5,
IMG_20240430_190620.jpg,cloridrato de fluoxetina,1010,Tem,,Alta,1,1,7.500,5,
IMG_20240504_115753.jpg,verutex,1010,Tem,,Baixa,1,1,0.537,2,
IMG_20240504_115822.jpg,verutex,1010,Tem,,Média,1,1,1.178,2,
IMG_20240505_145039.jpg,Nevrix IM,1010,Tem,,Alta,1,1,12.000,2,
IMG_20240505_153354.jpg,Nevrix IM,1010,Tem,,Alta,1,1,11.968,2,
IMG_20240510_125811.jpg,Imovane zopiclona,1010,Tem,,Alta,1,1,9.877,2,
IMG_20240510_125827.jpg,Imovane zopiclona,1010,Tem,,Alta,1,1,9.877,2,
IMG_20240512_133408.jpg,bilastina,1010,Tem,,Alta,1,1,12.000,11,
IMG_20240512_133420.jpg,Arpejo aripiprazol,1010,Tem,,Alta,1,1,12.000,2,
IMG_20240512_133507.jpg,Arpejo aripiprazol,0101,Tem,,Alta,0,0,12.000,2,
IMG_20240512_133551.jpg,esomeprazol magnésico,0101,Tem,,Alta,0,0,12.000,4,
IMG_20240512_133628.jpg,atorvastatina cálcica,1010,Tem,,Alta,1,1,12.000,9,
IMG_20240512_133800.jpg,Zirvit,0110,Não tem,,Alta,0,1,12.000,1,1
IMG_20240512_133836.jpg,hemitartarato de zolpidem,1010,Tem,,Alta,1,1,12.000,7,
IMG_20240512_133851.jpg,Vurtuoso vortioxetina,1010,Tem,,Alta,1,1,12.000,1,
IMG_20240512_133900.jpg,Puran T4,0101,Tem,,Alta,0,0,12.000,4,
IMG_20240512_133921.jpg,nitrofurantoína,1010,Tem,,Alta,1,1,12.000,7,
IMG_20240512_133939.jpg,pregabalina,1010,Tem,,Alta,1,1,12.000,6,
IMG_20240512_134010.jpg,bilastina,1010,Tem,,Alta,1,1,12.000,11,
IMG_20240512_134024.jpg,hemitratarato de zolpidem,0111,Tem,,Alta,0,1,12.000,2,
IMG_20240512_134110.jpg,dicloridrato de betaistina,1010,Tem,,Alta,1,1,12.000,2,
IMG_20240512_134116.jpg,atorvastatina cálcica,1010,Tem,,Alta,1,1,12.000,9,
IMG_20240512_134122.jpg,paracetamol + fostato de codeína,1010,Tem,,Alta,1,1,12.000,1,
IMG_20240512_134129.jpg,Dobeven dobesilato de cálcio,1010,Tem,,Alta,1,1,12.000,1,
IMG_20240512_134136.jpg,Puran T4 levotiroxina,1010,Tem,,Alta,1,1,12.000,1,
IMG_20240512_134145.jpg,ácido tranexâmico,1010,Tem,,Alta,1,1,12.000,4,
IMG_20240512_134158.jpg,nitrofurantoína,1010,Tem,,Alta,1,1,12.000,7,
IMG_20240512_134207.jpg,cafeína carisoprodol diclofenaco sódico paracetamol,1010,Tem,,Alta,1,1,12.000,1,
IMG_20240512_134223.jpg,bilastina,1010,Tem,,Alta,1,1,12.000,11,
IMG_20240512_134230.jpg,Manivasc dicloridrato de manidipino,1010,Tem,,Alta,1,1,12.000,1,
IMG_20240512_134238.jpg,esomeprazol magnésico tri-hidratado,1010,Tem,,Alta,1,1,12.000,4,
IMG_20240512_134246.jpg,Puran T4 levotiroxina sódica,1010,Tem,,Alta,1,1,12.000,11,
IMG_20240512_134255.jpg,bilastina,1010,Tem,,Alta,1,1,12.000,11,
IMG_20240512_134309.jpg,hemitartarato de zolpidem,1010,Tem,,Alta,1,1,12.000,7,
IMG_20240512_134319.jpg,rosuvastatina cálcica,1010,Tem,,Alta,1,1,12.000,24,
IMG_20240512_134636.jpg,nitrofurantoína,1010,Tem,,Alta,1,1,12.000,7,
IMG_20240512_134645.jpg,nitrofurantoína,1010,Tem,,Alta,1,1,12.000,7,
IMG_20240512_161152.jpg,esomeprazol magnésico tri-hidratado,1010,Tem,,Alta,1,1,12.000,4,
IMG_20240512_161208.jpg,Doxaprost mesilato de doxazosina,1010,Tem,,Alta,1,1,12.000,2,
IMG_20240512_161223.jpg,tadalafila,1010,Tem,,Alta,1,1,12.000,4,
IMG_20240512_161258.jpg,Puran T4 levotiroxina sódica,1110,Tem,,Alta,1,1,12.000,11,
IMG_20240512_161313.jpg,Puran T4,1010,Tem,,Alta,1,1,12.000,4,
IMG_20240512_161333.jpg,Icacort nitrato de isoconazol valerato de diflucortolona,1010,Tem,,Alta,1,1,12.000,1,
IMG_20240512_161347.jpg,Vertizine D,0110,Tem,,Alta,0,1,12.000,3,
IMG_20240512_161404.jpg,Vertizine D,1010,Tem,,Alta,1,1,12.000,3,
IMG_20240512_161417.jpg,Pregabalina,0101,Tem,,Alta,0,0,12.000,6,
IMG_20240512_161502.jpg,cloridrato de ciclobenzaprina,1010,Tem,,Alta,1,1,12.000,5,
IMG_20240512_161521.jpg,cloridrato de ciclobenzaprina,1010,Tem,,Alta,1,1,12.000,5,
IMG_20240512_161548.jpg,dicloridrato de betaistina,1010,Tem,,Alta,1,1,12.000,2,
IMG_20240512_161600.jpg,dicloridrat de betaistina,1010,Tem,,Alta,1,1,12.000,1,
IMG_20240512_161618.jpg,Predinis prednisona,1010,Tem,,Alta,1,1,12.000,1,
IMG_20240512_161643.jpg,Enxak,1010,Tem,,Alta,1,1,12.000,2,
IMG_20240512_161659.jpg,Enxak,1010,Tem,,Alta,1,1,12.000,2,
IMG_20240512_161715.jpg,maleato de trimebutina,1010,Tem,,Alta,1,1,12.000,1,
IMG_20240512_161723.jpg,bromidrato de citalopram,1010,Tem,,Alta,1,1,12.000,1,
IMG_20240512_161745.jpg,Deocil cetorolaco trometamol,1010,Tem,,Alta,1,1,12.000,1,
IMG_20240512_161823.jpg,dicloridrato de hidroxizina,1010,Tem,,Alta,1,1,12.000,6,
IMG_20240512_161830.jpg,dicloridrato de hidroxizina,1010,Tem,,Alta,1,1,12.000,6,
IMG_20240512_161846.jpg,Micolamina ciclopirox,1010,Tem,,Alta,1,1,12.000,2,
IMG_20240512_161857.jpg,Micolamina ciclopirox,1110,Tem,,Alta,1,1,12.000,2,
IMG_20240512_161912.jpg,decongex plus,1010,Tem,,Alta,1,1,12.000,5,
IMG_20240512_161925.jpg,dipirona monoidratada,1010,Tem,,Alta,1,1,12.000,45,
IMG_20240512_161937.jpg,dipirona monoidratada,0101,Tem,,Alta,0,0,12.000,45,
IMG_20240512_162011.jpg,Expec,0101,Tem,,Alta,0,0,12.000,8,
IMG_20240512_162021.jpg,Expec,1010,Tem,,Alta,1,1,12.000,8,
IMG_20240512_162032.jpg,Bisalax,0101,Tem,,Alta,0,0,12.000,2,
IMG_20240512_162043.jpg,Bisalax,1010,Tem,,Alta,1,1,12.000,2,
IMG_20240512_162105.jpg,simeticona,1010,Tem,,Alta,1,1,12.000,29,
IMG_20240512_162108.jpg,simeticona,1010,Tem,,Alta,1,1,12.000,29,
IMG_20240512_162118.jpg,simeticona,1010,Tem,,Alta,1,1,12.000,29,
IMG_20240512_162207.jpg,oscillococcinum,0110,Não tem,,Alta,0,1,12.000,1,1
IMG_20240512_162219.jpg,Pyridium cloridrato de fenzopiridina,1010,Tem,,Alta,1,1,12.000,1,
IMG_20240512_162237.jpg,Pyridium,0101,Tem,,Alta,0,0,12.000,1,
IMG_20240512_162251.jpg,hemitratarato de zolpidem,1010,Tem,,Alta,1,1,12.000,2,
IMG_20240512_162307.jpg,hemitartarato de zolpidem,1010,Tem,,Alta,1,1,12.000,7,
IMG_20240512_162323.jpg,Lisador Dip,1010,Tem,,Alta,1,1,12.000,4,
IMG_20240512_162336.jpg,Lisador Dip,1010,Tem,,Alta,1,1,12.000,4,
IMG_20240512_162351.jpg,rosuvastatina cálcica,1010,Tem,,Alta,1,1,12.000,24,
IMG_20240512_162408.jpg,rosuvastatina cálcica,1010,Tem,,Alta,1,1,12.000,24,
IMG_20240512_162437.jpg,Buscopan Composto,0101,Tem,,Alta,0,0,12.000,10,
IMG_20240512_162453.jpg,Buscopan Composto,1110,Tem,,Alta,1,1,12.000,10,
IMG_20240512_162504.jpg,dipirona monoidratada,1010,Tem,,Alta,1,1,12.000,45,
IMG_20240512_162513.jpg,dipirona monoidratada,1010,Tem,,Alta,1,1,12.000,45,
IMG_20240512_162534.jpg,Hipofol,1010,Tem,,Alta,1,1,12.000,2,
IMG_20240512_162553.jpg,cetoconazol + dipropionato de betametasona + sultafo de neomicina,0110,Tem,,Alta,0,1,12.000,3,
IMG_20240512_162613.jpg,Hipofol,1010,Tem,,Alta,1,1,12.000,2,
IMG_20240512_162619.jpg,sulfato de neomicina + bacitracina zíncica,1010,Tem,,Alta,1,1,12.000,14,
IMG_20240512_162630.jpg,sulfato de neomicina + bacitracina zíncica,0101,Tem,,Alta,0,0,12.000,14,
IMG_20240512_162648.jpg,mupirocina,0101,Tem,,Alta,0,0,12.000,3,
IMG_20240512_162659.jpg,mupirocina,1010,Tem,,Alta,1,1,12.000,3,
IMG_20240512_162713.jpg,mupirocina,1010,Tem,,Alta,1,1,12.000,3,
IMG_20240512_162724.jpg,dicloridrato de hidroxizina,1010,Tem,,Alta,1,1,12.000,6,
IMG_20240513_213005.JPG,Ibuvix ibuprofeno,0101,Tem,,Alta,0,0,12.193,1,
IMG_20240513_213010.JPG,maleato de dexclorfeniramina,1010,Tem,,Alta,1,1,12.193,5,
IMG_20240513_213015.JPG,naldecon multi,1010,Tem,,Alta,1,1,12.193,5,
IMG_20240513_213020.JPG,naldecon multi,0101,Tem,,Alta,0,0,12.193,5,
IMG_20240513_213025.JPG,Loratamed loratadina,1010,Tem,,Alta,1,1,12.193,1,
IMG_20240513_213030.JPG,dipirona monoidratada,1010,Tem,,Alta,1,1,12.193,45,
IMG_20240513_234800.JPG,Composto de mel e extrato de própolis samor Menta,0101,Não tem,,Alta,0,0,12.193,1,1
IMG_20240513_234805.JPG,Neosoro,1010,Tem,,Alta,1,1,12.193,5,
IMG_20240516_103600.jpg,dipirona monoidratada,1010,Tem,,Alta,1,1,12.000,45,
IMG_20240516_103603.jpg,dipirona monoidratada,1010,Tem,,Alta,1,1,12.000,45,
IMG_20240516_103614.jpg,dipirona monoidratada,1010,Tem,,Alta,1,1,12.000,45,
IMG_20240517_092211.jpg,pant sec minoxidil,1010,Tem,,Média,1,1,1.438,1,
IMG_20240517_110945.jpg,Caspacil sulfeto de selênio,1010,Tem,,Média,1,1,1.438,1,
IMG_20240524_191424.jpg,paracetamol,1010,Tem,,Média,1,1,1.920,11,
IMG_20240524_191425.jpg,dipirona monoidratada,1010,Tem,,Média,1,1,1.920,45,
IMG_20240524_191426.jpg,dipirona monoidratada,1010,Tem,,Baixa,1,1,0.665,45,
IMG_20240524_214004.jpg,paracetamol,0110,Tem,,Média,0,1,1.440,11,
IMG_20240524_214005.jpg,dipirona monoidratada,0101,Tem,,Média,0,0,1.440,45,
IMG_20240524_214106.jpg,Cisteil acetilcisteína,1010,Tem,,Média,1,1,1.440,1,
IMG_20240525_101649.jpg,dipirona monoidratada,0101,Tem,,Baixa,0,0,0.416,45,
IMG_20240525_201052.jpg,propionato de clobetasol,1010,Tem,,Alta,1,1,12.000,6,
IMG_20240525_201112.jpg,propionato de clobetasol,1010,Tem,,Alta,1,1,12.000,6,
IMG_20240525_201123.jpg,propionato de clobetasol,1010,Tem,,Alta,1,1,12.000,6,
IMG_20240612_125223.jpg,Desve succinato de desvenlafaxina monoidratado,1010,Tem,,Alta,1,1,12.193,2,
IMG_20240612_125254.jpg,Desve succinato de desvenlafaxina monoidratado,1010,Tem,,Alta,1,1,12.193,2,
IMG_20240612_125440.jpg,Ritalina cloridrato de metilfenidato,1010,Tem,,Alta,1,1,12.193,2,
IMG_20240612_130228.jpg,Ritalina cloridrato de metilfenidato,1010,Tem,,Alta,1,1,12.193,2,
IMG_20240612_142339.jpg,Kóide D,0111,Tem,,Média,0,1,1.229,2,
IMG_20240612_142341.jpg,Kóide D,0101,Tem,,Média,0,0,1.229,2,
IMG_20240612_142342.jpg,budesonida,1010,Tem,,Média,1,1,1.229,4,
IMG_20240612_142343.jpg,budesonida,0101,Tem,,Média,0,0,1.229,4,
IMG_20240612_142345.jpg,Ibuvix ibruprofeno,1010,Tem,,Média,1,1,1.229,1,
IMG_20240612_142349.jpg,Furp-dipirona,0101,Tem,,Média,0,0,1.229,1,
IMG_20240617_185159.jpg,nimesulida,0101,Tem,,Alta,0,0,12.000,10,
IMG_20240617_185207.jpg,nimesulida,1010,Tem,,Alta,1,1,12.000,10,
IMG_20240624_150034.jpg,Vonau Flash ondansetrona cloridrato,1110,Tem,,Alta,1,1,12.000,1,
IMG_20240624_150043.jpg,Neosaldina,1010,Tem,,Alta,1,1,12.000,3,
IMG_20240626_110251.jpg,cetoprofeno,1010,Tem,,Média,1,1,1.440,9,
IMG_20240626_110253.jpg,cetoprofeno,0101,Tem,,Média,0,0,1.440,9,
IMG_20240626_110254.jpg,cetoprofeno,1010,Tem,,Baixa,1,1,0.577,9,
IMG_20240629_195300.jpg,dipirona,1010,Tem,,Média,1,1,1.229,1,
IMG_20240704_113547.jpg,dipirona monoidratada,1010,Tem,,Média,1,1,1.440,45,
IMG_20240704_113548.jpg,dipirona monoidratada,1010,Tem,,Média,1,1,1.440,45,
IMG_20240705_201300.jpg,ambroxmel cloridrato de ambroxol,1010,Tem,,Média,1,1,1.229,5,
IMG_20240705_201600.jpg,ambroxmel cloridrato de ambroxol,0101,Tem,,Média,0,0,1.229,5,
IMG_20240705_222200.jpg,ambroxmel cloridrato de ambroxol,1110,Tem,,Alta,1,1,12.193,5,
IMG_20240705_222230.jpg,ambroxmel cloridrato de ambroxol,0101,Tem,,Alta,0,0,12.193,5,
IMG_20240706_162258.jpg,ambroxmel cloridrato de ambroxol,1010,Tem,,Alta,1,1,12.000,5,
IMG_20240706_162312.jpg,Cimegripe,1010,Tem,,Alta,1,1,12.000,10,
IMG_20240706_162323.jpg,Cimegripe,1110,Tem,,Alta,1,1,12.000,10,
IMG_20240706_162344.jpg,Strepsils,1010,Tem,,Alta,1,1,12.000,7,
IMG_20240706_162354.jpg,Strepsils,1010,Tem,,Alta,1,1,12.000,7,
IMG_20240706_162429.jpg,Neosoro,1010,Tem,,Alta,1,1,12.000,5,
IMG_20240706_162617.jpg,nitrato de miconazol,1010,Tem,,Alta,1,1,12.000,1,
IMG_20240707_221802.jpg,Sosseg,1010,Tem,,Alta,1,1,12.000,9,
IMG_20240707_221807.jpg,Sosseg,1010,Tem,,Alta,1,1,12.000,9,
IMG_20240707_221824.jpg,Sosseg,1010,Tem,,Alta,1,1,12.000,9,
IMG_20240707_221847.jpg,Sosseg,1010,Tem,,Alta,1,1,12.000,9,
IMG_20240707_221919.jpg,Imosec cloridrato de loperamida,1010,Tem,,Alta,1,1,12.000,4,
IMG_20240707_221924.jpg,Imosec cloridrato de loperamida,1010,Tem,,Alta,1,1,12.000,4,
IMG_20240707_221933.jpg,Imosec cloridrato de loperamida,1010,Tem,,Alta,1,1,12.000,4,
IMG_20240707_221956.jpg,Imosec cloridrato de loperamida,1010,Tem,,Alta,1,1,12.000,4,
IMG_20240707_222012.jpg,losartana potássica,1010,Tem,,Alta,1,1,12.000,9,
IMG_20240707_222026.jpg,losartana potássica,1010,Tem,,Alta,1,1,12.000,9,
IMG_20240707_222042.jpg,losartana potássica,1010,Tem,,Alta,1,1,12.000,9,
IMG_20240708_120000.jpg,Caldê MDK,0110,Não tem,,Média,0,1,1.225,1,1
IMG_20240708_120005.jpg,Dipimed,0101,Tem,,Média,0,0,1.225,2,
IMG_20240708_120010.jpg,Buscopan,0101,Tem,,Média,0,0,1.225,3,
IMG_20240708_120015.jpg,Lactulose,0110,Não tem,,Média,0,1,1.225,1,1
IMG_20240708_120020.jpg,Maxalgina,0101,Tem,,Média,0,0,1.225,2,
IMG_20240710_154543.jpg,naldecon multi,0101,Tem,,Alta,0,0,12.000,5,
IMG_20240710_154554.jpg,melatonina,0101,Não tem,,Alta,0,0,12.000,2,1
IMG_20240710_154606.jpg,naldecon multi,1010,Tem,,Alta,1,1,12.000,5,
IMG_20240710_154609.jpg,naldecon multi,1010,Tem,,Alta,1,1,12.000,5,
IMG_20240710_154619.jpg,Glifage XR,0101,Tem,,Alta,0,0,12.000,5,
IMG_20240710_154621.jpg,Glifage XR,0101,Tem,,Alta,0,0,12.000,5,
IMG_20240712_212223.jpg,rosuvastatina cálcica,1010,Tem,,Alta,1,1,12.000,24,
IMG_20240712_212232.jpg,rosuvastatina cálcica,1010,Tem,,Alta,1,1,12.000,24,
IMG_20240712_212237.jpg,rosuvastatina cálcica,1010,Tem,,Alta,1,1,12.000,24,
IMG_20240712_212254.jpg,azitromicina di-hidratada,1010,Tem,,Alta,1,1,12.000,8,
IMG_20240712_212308.jpg,Fluconid fluconazol,1010,Tem,,Alta,1,1,12.000,1,
IMG_20240712_212319.jpg,ivermectina,1010,Tem,,Alta,1,1,12.000,8,
IMG_20240712_212328.jpg,ivermectina,1010,Tem,,Alta,1,1,12.000,8,
IMG_20240712_212337.jpg,Doxaprost mesilato de doxazosina,1010,Tem,,Alta,1,1,12.000,2,
IMG_20240712_212348.jpg,bilastina,1010,Tem,,Alta,1,1,12.000,11,
IMG_20240712_212401.jpg,bilastina,1010,Tem,,Alta,1,1,12.000,11,
IMG_20240712_212445.jpg,Lisador Dip dipirona monoidratada,1010,Tem,,Alta,1,1,12.000,3,
IMG_20240712_212451.jpg,Lisador Dip dipirona monoidratada,1010,Tem,,Alta,1,1,12.000,3,
IMG_20240712_212524.jpg,Lisador Dip dipirona monoidratada,1010,Tem,,Alta,1,1,12.000,3,
IMG_20240712_212531.jpg,bilastina,1010,Tem,,Alta,1,1,12.000,11,
IMG_20240712_212540.jpg,esomeprazol magnésico tri-hidratado,1010,Tem,,Alta,1,1,12.000,4,
IMG_20240712_212551.jpg,rosuvastatina cálcica,1010,Tem,,Alta,1,1,12.000,24,
IMG_20240712_212606.jpg,Puran T4 levotiroxina sódica,1010,Tem,,Alta,1,1,12.000,11,
IMG_20240712_212618.jpg,Puran T4 levotiroxina sódica,1010,Tem,,Alta,1,1,12.000,11,
IMG_20240712_212659.jpg,Puran T4 levotiroxina sódica,1010,Tem,,Alta,1,1,12.000,11,
IMG_20240712_212713.jpg,Puran T4 levotiroxina sódica,1010,Tem,,Alta,1,1,12.000,11,
IMG_20240712_212722.jpg,hemitartarato de zolpidem,1010,Tem,,Alta,1,1,12.000,7,
IMG_20240712_212728.jpg,hemitartarato de zolpidem,1010,Tem,,Alta,1,1,12.000,7,
IMG_20240712_212739.jpg,nitrofurantoína,1010,Tem,,Alta,1,1,12.000,7,
IMG_20240712_212742.jpg,nitrofurantoína,1010,Tem,,Alta,1,1,12.000,7,
IMG_20240712_212747.jpg,nitrofurantoína,1010,Tem,,Alta,1,1,12.000,7,
IMG_20240712_212802.jpg,Lisador Dip,0101,Tem,,Alta,0,0,12.000,4,
IMG_20240712_212809.jpg,Lisador Dip,0101,Tem,,Alta,0,0,12.000,4,
IMG_20240717_192145.jpg,cloridrato de ambroxol,0111,Tem,,Média,0,1,0.922,5,
IMG_20240717_193100.jpg,decongex plus,0101,Tem,,Média,0,0,0.922,5,
IMG_20240717_193130.jpg,cloridrato de ambroxol,1010,Tem,,Média,1,1,0.922,5,
IMG_20240717_193400.jpg,decongex plus,0101,Tem,,Média,0,0,0.922,5,
IMG_20240717_193500.jpg,cloridrato de ambroxol,1010,Tem,,Média,1,1,0.922,5,
IMG_20240719_171556.jpg,Pyridium cloridrato de fenazopiridina,0101,Tem,,Alta,0,0,12.000,2,
IMG_20240719_172333.jpg,Pyridium cloridrato de fenazopiridina,1010,Tem,,Alta,1,1,12.000,2,
IMG_20240720_180600.jpg,fosfomicina trometamol,0110,Tem,,Alta,0,1,16.036,1,
IMG_20240720_191244.jpg,ograx derme 20,0101,Não tem,,Média,0,0,1.438,1,1
IMG_20240723_210105.jpg,Sosseg,0101,Tem,,Alta,0,0,12.000,9,
IMG_20240724_151858.jpg,Sal de Fruta ENO,0101,Tem,,Alta,0,0,12.000,14,
IMG_20240724_151901.jpg,Sal de Fruta ENO,0101,Tem,,Alta,0,0,12.000,14,
IMG_20240724_151908.jpg,simeticona,1010,Tem,,Alta,1,1,12.000,29,
IMG_20240724_151915.jpg,simeticona,1010,Tem,,Alta,1,1,12.000,29,
IMG_20240724_151947.jpg,simeticona,1010,Tem,,Alta,1,1,12.000,29,
IMG_20240725_110209.jpg,Desve,0101,Tem,,Alta,0,0,12.000,3,
IMG_20240725_110238.jpg,Desve,1010,Tem,,Alta,1,1,12.000,3,
IMG_20240725_110241.jpg,Desve,1010,Tem,,Alta,1,1,12.000,3,
IMG_20240726_114127.jpg,Ginkocaps Ginkgo biloba,1010,Tem,,Baixa,1,1,0.739,1,
IMG_20240726_114128.jpg,dipirona monoidratada,0111,Tem,,Baixa,0,1,0.739,45,
IMG_20240726_114129.jpg,apracur,0101,Tem,,Baixa,0,0,0.739,5,
IMG_20240726_114131.jpg,omcilon-A orabase,0110,Tem,,Baixa,0,1,0.739,3,
IMG_20240726_114132.jpg,Vick VapoRub,1010,Tem,,Baixa,1,1,0.739,4,
IMG_20240726_114133.jpg,Água Oxigenada,0110,Não tem,,Baixa,0,1,0.739,1,1
IMG_20240726_114134.jpg,NatZ,0101,Não tem,,Baixa,0,0,0.739,1,1
IMG_20240726_114135.jpg,foroato de mometasona,0101,Tem,,Baixa,0,0,0.739,2,
IMG_20240726_114136.jpg,Buscopan Composto,0101,Tem,,Baixa,0,0,0.739,10,
IMG_20240726_114137.jpg,Eno Sal de Fruta,0101,Tem,,Baixa,0,0,0.739,1,
IMG_20240726_114138.jpg,ibuprofeno,1010,Tem,,Baixa,1,1,0.739,2,
IMG_20240726_114139.jpg,bendita cânfora,0101,Não tem,,Baixa,0,0,0.739,2,1
IMG_20240726_114140.jpg,bendita cânfora,0101,Não tem,,Baixa,0,0,0.739,2,1
IMG_20240726_114141.jpg,Dorflex,0101,Tem,,Baixa,0,0,0.739,6,
IMG_20240726_114142.jpg,simeticona,1010,Tem,,Baixa,1,1,0.739,29,
IMG_20240726_114143.jpg,aciclovir,1010,Tem,,Baixa,1,1,0.739,10,
IMG_20240726_114144.jpg,paracetamol,1010,Tem,,Baixa,1,1,0.739,11,
IMG_20240726_114145.jpg,Vitergyl C,1010,Tem,,Baixa,1,1,0.739,2,
IMG_20240726_114146.jpg,Gastrogel fresh,0110,Não tem,,Baixa,0,1,0.739,2,1
IMG_20240726_114147.jpg,Litocit,1010,Tem,,Baixa,1,1,0.739,2,
IMG_20240726_114148.jpg,naproxeno sódico,1010,Tem,,Baixa,1,1,0.739,4,
IMG_20240726_114149.jpg,Strepsils,1010,Tem,,Baixa,1,1,0.739,7,
IMG_20240726_114150.jpg,Vick Pyrena,0111,Tem,,Baixa,0,1,0.739,1,
IMG_20240726_114151.jpg,Coristina d pro,1010,Tem,,Baixa,1,1,0.739,3,
IMG_20240726_114152.jpg,paracetamol,1010,Tem,,Baixa,1,1,0.739,11,
IMG_20240726_114153.jpg,simeticona,1010,Tem,,Baixa,1,1,0.739,29,
IMG_20240726_114154.jpg,Litocid,1010,Tem,,Baixa,1,1,0.739,2,
IMG_20240726_114155.jpg,Litocid,1010,Tem,,Baixa,1,1,0.739,2,
IMG_20240726_114156.jpg,paracetamol,1010,Tem,,Baixa,1,1,0.739,11,
IMG_20240726_114157.jpg,aciclovir,1010,Tem,,Baixa,1,1,0.739,10,
IMG_20240726_114158.jpg,naproxeno sódico,1010,Tem,,Baixa,1,1,0.739,4,
IMG_20240726_114159.jpg,Strepsils,1010,Tem,,Baixa,1,1,0.739,7,
IMG_20240726_114200.jpg,Coristina d pro,1010,Tem,,Baixa,1,1,0.739,3,
IMG_20240726_114201.jpg,Alfinac,1010,Tem,,Baixa,1,1,0.739,1,
IMG_20240726_114202.jpg,Alginac,1010,Tem,,Baixa,1,1,0.739,2,
IMG_20240726_114203.jpg,maleato de dexclorfeniramina + betametasona,0111,Tem,,Baixa,0,1,0.739,3,
IMG_20240726_114204.jpg,Gastrogel resh,0110,Não tem,,Baixa,0,1,0.739,1,1
IMG_20240726_114205.jpg,Super black 50 ervas,0101,Não tem,,Baixa,0,0,0.739,1,1
IMG_20240726_114206.jpg,Simeticona,0101,Tem,,Baixa,0,0,0.739,29,
IMG_20240726_114207.jpg,Alginac,1010,Tem,,Baixa,1,1,0.739,2,
IMG_20240726_114208.jpg,Litocit,1010,Tem,,Baixa,1,1,0.739,2,
IMG_20240726_114209.jpg,Fisio terap gel netro,0101,Não tem,,Baixa,0,0,0.739,1,1
IMG_20240726_114210.jpg,Vitergyl C,1010,Tem,,Baixa,1,1,0.739,2,
IMG_20240726_114211.jpg,trometamol cetorolaco,1010,Tem,,Baixa,1,1,0.739,3,
IMG_20240726_114212.jpg,omeprazol,1010,Tem,,Baixa,1,1,0.739,5,
IMG_20240726_114213.jpg,Coristina d pro,1010,Tem,,Baixa,1,1,0.739,3,
IMG_20240726_114214.jpg,naproxeno sódico,0110,Tem,,Baixa,0,1,0.739,4,
IMG_20240726_114215.jpg,aciclovir,1010,Tem,,Baixa,1,1,0.739,10,
IMG_20240726_114217.jpg,maleato de dexclorfeniramina + betametasona,0110,Tem,,Baixa,0,1,0.739,3,
IMG_20240726_114218.jpg,50 ervas,0101,Não tem,,Baixa,0,0,0.739,1,1
IMG_20240726_114219.jpg,omeprazol,1010,Tem,,Baixa,1,1,0.739,5,
IMG_20240726_114220.jpg,naproxeno sódico,1010,Tem,,Baixa,1,1,0.739,4,
IMG_20240726_114221.jpg,trometamol cetorolaco,1010,Tem,,Baixa,1,1,0.739,3,
IMG_20240726_114222.jpg,simeticona,1010,Tem,,Baixa,1,1,0.739,29,
IMG_20240726_114223.jpg,trometamol cetorolaco,1010,Tem,,Baixa,1,1,0.739,3,
IMG_20240726_114224.jpg,dipirona monoidratada,1010,Tem,,Baixa,1,1,0.739,45,
IMG_20240726_114225.jpg,amoxicilina,1010,Tem,,Baixa,1,1,0.739,3,
IMG_20240726_114226.jpg,Strepsils,1010,Tem,,Baixa,1,1,0.739,7,
IMG_20240726_114227.jpg,Strepsils,1010,Tem,,Baixa,1,1,0.739,7,
IMG_20240726_114228.jpg,OptoCare,0110,Não tem,,Baixa,0,1,0.739,2,1
IMG_20240726_114229.jpg,Tropinal,1010,Tem,,Baixa,1,1,0.739,4,
IMG_20240726_114230.jpg,Andantol,0101,Tem,,Baixa,0,0,0.739,3,
IMG_20240726_114231.jpg,Andantol,0101,Tem,,Baixa,0,0,0.739,3,
IMG_20240726_114232.jpg,Compessas esterelizads,0101,Não tem,,Baixa,0,0,0.739,2,1
IMG_20240726_114233.jpg,hidroclorotiazida,1010,Tem,,Baixa,1,1,0.739,8,
IMG_20240726_114234.jpg,Compessas esterelizads,0101,Não tem,,Baixa,0,0,0.739,2,1
IMG_20240726_114235.jpg,captopril,1010,Tem,,Baixa,1,1,0.739,2,
IMG_20240726_114236.jpg,Buscopan Composto,0101,Tem,,Baixa,0,0,0.739,10,
IMG_20240726_114237.jpg,Buscopan Composto,0101,Tem,,Baixa,0,0,0.739,10,
IMG_20240726_114238.jpg,Queimalive,1010,Tem,,Baixa,1,1,0.739,2,
IMG_20240726_114239.jpg,captopril,1010,Tem,,Baixa,1,1,0.739,2,
IMG_20240726_114240.jpg,Tramadon Retard cloridrato de tramadol,1010,Tem,,Baixa,1,1,0.739,1,
IMG_20240726_114241.jpg,furoato de mometasona,1010,Tem,,Baixa,1,1,0.739,1,
IMG_20240726_114242.jpg,Tropinal,1010,Tem,,Baixa,1,1,0.739,4,
IMG_20240726_114243.jpg,Andantol,0101,Tem,,Baixa,0,0,0.739,3,
IMG_20240726_114244.jpg,hidroclorotiazida,1010,Tem,,Baixa,1,1,0.739,8,
IMG_20240726_114245.jpg,Dramin,1010,Tem,,Baixa,1,1,0.739,1,
IMG_20240726_114246.jpg,Cerumin,1010,Tem,,Baixa,1,1,0.739,4,
IMG_20240726_114247.jpg,Cerumin,0101,Tem,,Baixa,0,0,0.739,4,
IMG_20240726_114248.jpg,simeticona,1010,Tem,,Baixa,1,1,0.739,29,
IMG_20240726_130950.jpg,Alpecin,0101,Não tem,,Média,0,0,0.922,2,1
IMG_20240726_130952.jpg,Alpecin,0101,Não tem,,Média,0,0,0.922,2,1
IMG_20240726_192118.jpg,Gerovital,1010,Tem,,Média,1,1,1.056,3,
IMG_20240726_192119.jpg,Strepsils,1010,Tem,,Média,1,1,0.922,7,
IMG_20240726_192120.jpg,Gerovital,1010,Tem,,Média,1,1,0.922,3,
IMG_20240726_192121.jpg,Gerovital,1010,Tem,,Média,1,1,0.922,3,
IMG_20240726_192122.jpg,foroato de mometasona,0101,Tem,,Média,0,0,0.922,2,
IMG_20240726_200425.jpg,omcilon-A orabase,0110,Tem,,Média,0,1,0.922,3,
IMG_20240727_105211.jpg,neocoflan diclofenaco dietilamônio,1010,Tem,,Alta,1,1,12.000,1,
IMG_20240730_212230.jpg,Assert cloridrato de sertralina,0101,Tem,,Média,0,0,1.229,3,
IMG_20240731_125255.jpg,Assert cloridrato de sertralina,1010,Tem,,Média,1,1,1.229,3,
IMG_20240731_125257.jpg,Assert cloridrato de sertralina,1010,Tem,,Média,1,1,1.229,3,
IMG_20240807_122208.jpg,hidroclorotiazida,1010,Tem,,Média,1,1,1.225,8,
IMG_20240807_122209.jpg,cloridrato de metformina,1010,Tem,,Média,1,1,1.225,7,
IMG_20240807_122210.jpg,ciprofibrato,1010,Tem,,Média,1,1,1.225,4,
IMG_20240807_122211.jpg,losartana potássica,1010,Tem,,Média,1,1,1.225,9,
IMG_20240807_122212.jpg,vitamina D3 colecalciferol,1010,Tem,,Média,1,1,1.225,7,
IMG_20240807_122213.jpg,atorvastatina cálcica,1010,Tem,,Média,1,1,1.225,9,
IMG_20240807_122227.jpg,hidroclorotiazida,1010,Tem,,Média,1,1,1.225,8,
IMG_20240807_122228.jpg,losartana potássica,1010,Tem,,Média,1,1,1.225,9,
IMG_20240807_122229.jpg,atorvastatina cálcica,1010,Tem,,Média,1,1,1.225,9,
IMG_20240807_122230.jpg,vitamina D3 colecalciferol,1010,Tem,,Média,1,1,1.225,7,
IMG_20240807_122231.jpg,ciprofibrato,1010,Tem,,Média,1,1,1.225,4,
IMG_20240807_122232.jpg,cloridrato de metformina,1010,Tem,,Média,1,1,1.225,7,
IMG_20240807_150454.jpg,atorvastatina cálcica,1010,Tem,,Média,1,1,1.225,9,
IMG_20240807_150455.jpg,losartana potássica,1010,Tem,,Média,1,1,1.225,9,
IMG_20240807_150456.jpg,cloridrato de metformina,1010,Tem,,Média,1,1,1.225,7,
IMG_20240807_150457.jpg,hidroclorotiazida,1010,Tem,,Média,1,1,1.225,8,
IMG_20240807_150458.jpg,ciprofibrato,1010,Tem,,Média,1,1,1.225,4,
IMG_20240807_150459.jpg,vitamina D3 colecalciferol,1010,Tem,,Média,1,1,1.225,7,
IMG_20240807_162900.jpg,dexametasona,1010,Tem,,Média,1,1,1.920,3,
IMG_20240807_162901.jpg,Ferronil sulfato ferroso,0110,Não tem,,Média,0,1,1.920,1,1
IMG_20240807_162902.jpg,Alta+D cal,1010,Tem,,Média,1,1,1.920,1,
IMG_20240807_162903.jpg,Tylenol sinus paracetamol cloridrato de pseudofedrina,1010,Tem,,Média,1,1,1.920,1,
IMG_20240807_162904.jpg,cetoprofeno,1010,Tem,,Média,1,1,1.920,9,
IMG_20240807_162905.jpg,Trimusk cafeína + carisoprodol + diclofenaco sódico + paracetamol,1010,Tem,,Média,1,1,1.920,2,
IMG_20240807_162906.jpg,cloridrato de ciclobenzaprina,1010,Tem,,Média,1,1,1.920,5,
IMG_20240807_162907.jpg,Trimusk cafeína + carisoprodol + diclofenaco sódico + paracetamol,1010,Tem,,Média,1,1,1.920,2,
IMG_20240807_162908.jpg,Mag-B,0110,Não tem,,Média,0,1,1.920,1,1
IMG_20240814_200100.jpg,abrilar,1010,Tem,,Alta,1,1,12.193,2,
IMG_20240814_200105.jpg,abrilar,1010,Tem,,Alta,1,1,12.193,2,
IMG_20240814_200110.jpg,expec,1010,Tem,,Alta,1,1,12.193,8,
IMG_20240814_200115.jpg,expec,1010,Tem,,Alta,1,1,12.193,8,
IMG_20240818_220610.jpg,loratadina,1010,Tem,,Alta,1,1,12.000,5,
IMG_20240818_220619.jpg,loratadina,1010,Tem,,Alta,1,1,12.000,5,
IMG_20240818_220625.jpg,loratadina,1010,Tem,,Alta,1,1,12.000,5,
IMG_20240818_220632.jpg,loratadina,1010,Tem,,Alta,1,1,12.000,5,
IMG_20240818_220644.jpg,loratadina,1010,Tem,,Alta,1,1,12.000,5,
IMG_20240818_220715.jpg,Ritalina,1010,Tem,,Alta,1,1,12.000,8,
IMG_20240818_220721.jpg,Ritalina,1010,Tem,,Alta,1,1,12.000,8,
IMG_20240818_220723.jpg,Ritalina,1010,Tem,,Alta,1,1,12.000,8,
IMG_20240818_220734.jpg,Tylenol sinus,1111,Tem,,Alta,1,1,12.000,4,
IMG_20240818_220808.jpg,Sonrisal,0101,Tem,,Alta,0,0,12.000,5,
IMG_20240818_220812.jpg,Sonrisal,0101,Tem,,Alta,0,0,12.000,5,
IMG_20240818_220834.jpg,Tylenol sinus,1010,Tem,,Alta,1,1,12.000,4,
IMG_20240818_220840.jpg,Tylenol sinus,1010,Tem,,Alta,1,1,12.000,4,
IMG_20240818_220845.jpg,Tylenol sinus paracetamol + cloridrato de pseudoefedrina,1010,Tem,,Alta,1,1,12.000,1,
IMG_20240818_220857.jpg,Cimegripe,1110,Tem,,Alta,1,1,12.000,10,
IMG_20240818_220905.jpg,Cimegripe,1110,Tem,,Alta,1,1,12.000,10,
IMG_20240818_220910.jpg,Cimegripe,1010,Tem,,Alta,1,1,12.000,10,
IMG_20240818_220936.jpg,Expec,0101,Tem,,Alta,0,0,12.000,8,
IMG_20240818_220957.jpg,Expec,1010,Tem,,Alta,1,1,12.000,8,
IMG_20240818_221003.jpg,Expec,0101,Tem,,Alta,0,0,12.000,8,
IMG_20240818_221021.jpg,Cimegripe,1010,Tem,,Alta,1,1,12.000,10,
IMG_20240818_221023.jpg,Cimegripe,0101,Tem,,Alta,0,0,12.000,10,
IMG_20240818_221032.jpg,Expec,1010,Tem,,Alta,1,1,12.000,8,
IMG_20240824_190231.jpg,forfig silybum marianum,1010,Tem,,Alta,1,1,11.968,5,
IMG_20240824_190239.jpg,forfig silybum marianum,1010,Tem,,Alta,1,1,11.968,5,
IMG_20240824_190249.jpg,forfig silybum marianum,1010,Tem,,Alta,1,1,11.968,5,
IMG_20240824_190308.jpg,forfig silybum marianum,1010,Tem,,Alta,1,1,11.968,5,
IMG_20240824_190416.jpg,forfig silybum marianum,1010,Tem,,Alta,1,1,11.968,5,
IMG_20240824_190427.jpg,Vitamina D,1010,Tem,,Alta,1,1,11.968,8,
IMG_20240824_190437.jpg,Vitamina D,1010,Tem,,Alta,1,1,11.968,8,
IMG_20240824_190450.jpg,Vitamina D,0101,Tem,,Alta,0,0,11.968,8,
IMG_20240824_190508.jpg,Vitamina D,1010,Tem,,Alta,1,1,11.968,8,
IMG_20240824_190552.jpg,Vitamina D,1010,Tem,,Alta,1,1,11.968,8,
IMG_20240824_190607.jpg,Vitamina D,1010,Tem,,Alta,1,1,11.968,8,
IMG_20240824_190647.jpg,Vitamina C,0101,Não tem,,Alta,0,0,11.968,3,1
IMG_20240824_190725.jpg,Vitamina C,0110,Não tem,,Alta,0,1,11.968,3,1
IMG_20240824_190741.jpg,Vitamina C,0110,Não tem,,Alta,0,1,11.968,3,1
IMG_20240824_190759.jpg,alopurinol,1010,Tem,,Alta,1,1,11.968,6,
IMG_20240824_190819.jpg,alopurinol,1010,Tem,,Alta,1,1,11.968,6,
IMG_20240824_190849.jpg,alopurinol,0101,Tem,,Alta,0,0,11.968,6,
IMG_20240913_134314.jpg,zoloft cloridrato de sertralina,1010,Tem,,Média,1,1,1.229,2,
IMG_20240913_134315.jpg,SonoZZZ Melatonina,0101,Tem,,Média,0,0,1.229,3,
IMG_20240913_134316.jpg,zoloft cloridrato de sertralina,1010,Tem,,Média,1,1,1.229,2,
IMG_20240913_134317.jpg,SonoZZZ Melatonina,1010,Tem,,Média,1,1,1.229,3,
IMG_20240920_155603.jpg,kuramed hemofiss,1010,Tem,,Alta,1,1,12.000,4,
IMG_20240920_155609.jpg,kuramed hemofiss,0101,Tem,,Alta,0,0,12.000,4,
IMG_20240920_155658.jpg,kuramed hemofiss,0101,Tem,,Alta,0,0,12.000,4,
IMG_20240920_155702.jpg,kuramed hemofiss,0101,Tem,,Alta,0,0,12.000,4,
IMG_20240921_161830.jpg,Revoc,0101,Tem,,Média,0,0,1.440,1,
IMG_20240921_161849.jpg,Wellbutrin cloridrato de bupropiona,1010,Tem,,Média,1,1,1.440,1,
IMG_20240921_161901.jpg,probinans,0101,Não tem,,Média,0,0,1.440,1,1
IMG_20240922_105502.jpg,Vitamina D,0101,Tem,,Média,0,0,1.225,8,
IMG_20240922_105503.jpg,alopurinol,1010,Tem,,Média,1,1,1.225,6,
IMG_20240922_105504.jpg,simeticona,0101,Tem,,Média,0,0,1.225,29,
IMG_20240922_105505.jpg,simeticona,0101,Tem,,Média,0,0,1.225,29,
IMG_20240922_105506.jpg,alopurinol,1010,Tem,,Média,1,1,1.225,6,
IMG_20240922_105507.jpg,forFig,1010,Tem,,Média,1,1,1.225,3,
IMG_20240922_105508.jpg,simeticona,1010,Tem,,Média,1,1,1.225,29,
IMG_20240922_105509.jpg,forFig,1010,Tem,,Média,1,1,1.225,3,
IMG_20240922_105510.jpg,forFig,1010,Tem,,Média,1,1,1.225,3,
IMG_20240922_192330.jpg,atorvastatina cálcica,1010,Tem,,Alta,1,1,11.968,9,
IMG_20240922_192404.jpg,atorvastatina cálcica,1010,Tem,,Alta,1,1,11.968,9,
IMG_20240922_192417.jpg,Puran T4 levotiroxina sódica,1010,Tem,,Alta,1,1,11.968,11,
IMG_20240922_192434.jpg,Puran T4 levotiroxina sódica,1010,Tem,,Alta,1,1,11.968,11,
IMG_20240922_192445.jpg,Puran T4 levotiroxina sódica,1010,Tem,,Alta,1,1,11.968,11,
IMG_20240922_192503.jpg,esomeprazol magnésico,1010,Tem,,Alta,1,1,11.968,4,
IMG_20240922_192525.jpg,esomeprazol magnésico,1010,Tem,,Alta,1,1,11.968,4,
IMG_20240922_192531.jpg,esomeprazol magnésico,1010,Tem,,Alta,1,1,11.968,4,
IMG_20240922_192545.jpg,dicloridrato de hidroxizina,1010,Tem,,Alta,1,1,11.968,6,
IMG_20240922_192603.jpg,dicloridrato de hidroxizina,1010,Tem,,Alta,1,1,11.968,6,
IMG_20240922_192621.jpg,acetato de dexametasona,1010,Tem,,Alta,1,1,11.968,4,
IMG_20240922_192633.jpg,acetato de dexametasona,1010,Tem,,Alta,1,1,11.968,4,
IMG_20240922_192648.jpg,Vertizine D,1010,Tem,,Alta,1,1,11.968,3,
IMG_20240922_192701.jpg,sulfato de neomicina + bacitracina zíncica,1010,Tem,,Alta,1,1,11.968,14,
IMG_20240922_192715.jpg,rosuvastatina cálcica,1010,Tem,,Alta,1,1,11.968,24,
IMG_20240922_192727.jpg,dipirona monoidratada,1010,Tem,,Alta,1,1,11.968,45,
IMG_20240922_192808.jpg,dipirona monoidratada,0101,Tem,,Alta,0,0,11.968,45,
IMG_20240922_192840.jpg,sulfato de neomicina + bacitracina zíncica,0111,Tem,,Alta,0,1,11.968,14,
IMG_20240922_192858.jpg,acetato de dexametasona,1010,Tem,,Alta,1,1,11.968,4,
IMG_20240922_192922.jpg,cetoconazol + dipropionato de betametasona + sulfato de neomicina,0110,Tem,,Alta,0,1,11.968,2,
IMG_20240922_192943.jpg,simeticona,0101,Tem,,Alta,0,0,11.968,29,
IMG_20240922_192954.jpg,acetato de dexametasona,1010,Tem,,Alta,1,1,11.968,4,
IMG_20240922_193000.jpg,cetoconazol + dipropionato de betametasona + sulfato de neomicina,0101,Tem,,Alta,0,0,11.968,2,
IMG_20240922_193019.jpg,sulfato de neomicina + bacitracina zíncica,0110,Tem,,Alta,0,1,11.968,14,
IMG_20240922_193020.jpg,sulfato de neomicina + bacitracina zíncica,1010,Tem,,Alta,1,1,11.968,14,
IMG_20240922_193042.jpg,sulfato de neomicina + bacitracina zíncica,1010,Tem,,Alta,1,1,11.968,14,
IMG_20240930_093035.jpg,Seretide xinofoato de salmeteol propionato de fluticasona Diskus,1010,Tem,,Média,1,1,2.074,1,
IMG_20240930_093039.jpg,Gaballon ácido gamaminobutírico + associação,1010,Tem,,Média,1,1,2.074,2,
IMG_20240930_093041.jpg,cloridrato de naratriptana,1010,Tem,,Média,1,1,2.074,2,
IMG_20240930_093044.jpg,Aerolin Spray,1010,Tem,,Média,1,1,2.074,3,
IMG_20240930_093046.jpg,Aerolin Spray,1010,Tem,,Média,1,1,2.074,3,
IMG_20240930_093050.jpg,Octifen fumarato de cetotifeno,1010,Tem,,Média,1,1,2.074,2,
IMG_20240930_093052.jpg,Hyabak Hialuronato de sódio,0110,Não tem,,Média,0,1,2.074,1,1
IMG_20240930_093510.jpg,Hyabak,0110,Não tem,,Média,0,1,2.074,1,1
IMG_20240930_093517.jpg,octifen fumarato de cetotifeno,1010,Tem,,Média,1,1,2.074,2,
IMG_20240930_093519.jpg,Gaballon ácido gamaminobutírico + associação,0101,Tem,,Média,0,0,2.074,2,
IMG_20240930_093521.jpg,cloridrato de naratriptana,0101,Tem,,Média,0,0,2.074,2,
IMG_20240930_093531.jpg,dipirona monoidratada,1010,Tem,,Média,1,1,2.074,45,
IMG_20240930_093532.jpg,kuramed cloridrato de lidocaína cloreto de benzalcônio,1010,Tem,,Média,1,1,2.074,1,
IMG_20240930_093756.jpg,dipirona monoidratada,1010,Tem,,Média,1,1,2.074,45,
IMG_20240930_093758.jpg,dipirona monoidratada,1010,Tem,,Média,1,1,2.074,45,
IMG_20240930_093800.jpg,Varicell Aesculus hippocastanum L.,1010,Tem,,Média,1,1,2.074,2,
IMG_20240930_093803.jpg,Lorasliv loratadina,1010,Tem,,Média,1,1,2.074,3,
IMG_20240930_093805.jpg,Lorasliv loratadina,1010,Tem,,Média,1,1,2.074,3,
IMG_20240930_093807.jpg,Varicell Aesculus hippocastanum L.,1010,Tem,,Média,1,1,2.074,2,
IMG_20240930_093809.jpg,prednisolona,1010,Tem,,Média,1,1,2.074,3,
IMG_20240930_093811.jpg,prednisolona,1010,Tem,,Média,1,1,2.074,3,
IMG_20240930_093840.jpg,cloridrato de metoclopramida,1010,Tem,,Média,1,1,2.074,1,
IMG_20240930_094419.jpg,clodridrato de tiamina,0101,Tem,,Média,0,0,2.074,2,
IMG_20240930_094420.jpg,clodridrato de tiamina,0101,Tem,,Baixa,0,0,0.883,2,
IMG_20240930_094421.jpg,sulfadiazina de prata,1010,Tem,,Média,1,1,2.074,1,
IMG_20240930_094423.jpg,cloridrato de ciprofloxacina,1010,Tem,,Média,1,1,2.074,1,
IMG_20240930_094425.jpg,cloridrato de ciprofloxacino,0101,Tem,,Média,0,0,2.074,1,
IMG_20240930_094428.jpg,Oncileg Cort,1010,Tem,,Média,1,1,2.074,2,
IMG_20240930_094430.jpg,Oncileg Cort,0101,Tem,,Média,0,0,2.074,2,
IMG_20240930_100041.jpg,Cewin ácido ascórbico,0101,Não tem,,Média,0,0,2.074,1,1
IMG_20240930_100043.jpg,omeprazol,0101,Tem,,Média,0,0,2.074,5,
IMG_20240930_100045.jpg,Colipan,0101,Tem,,Média,0,0,2.074,1,
IMG_20240930_100047.jpg,Novosil cloridrato de metoclopramida,0101,Tem,,Média,0,0,2.074,2,
IMG_20240930_100048.jpg,Novosil cloridrato de metoclopramida,1010,Tem,,Baixa,1,1,0.849,2,
IMG_20240930_100049.jpg,Beneum cloridrato de tiamina,1010,Tem,,Média,1,1,2.074,1,
IMG_20241002_132132.jpg,aciclovir,1010,Tem,,Alta,1,1,12.000,10,
IMG_20241002_132139.jpg,aciclovir,1010,Tem,,Alta,1,1,12.000,10,
IMG_20241002_132148.jpg,aciclovir,1010,Tem,,Alta,1,1,12.000,10,
IMG_20241002_132157.jpg,aciclovir,1010,Tem,,Alta,1,1,12.000,10,
IMG_20241006_162802.jpg,lactugold lactulose,0110,Não tem,,Alta,0,1,12.000,3,1
IMG_20241006_162823.jpg,lactugold lactulose,0111,Não tem,,Alta,0,1,12.000,3,1
IMG_20241006_162915.jpg,lactugold lactulose,0111,Não tem,,Alta,0,1,12.000,3,1
IMG_20241006_162957.jpg,Bisalax bisacodil,0101,Tem,,Alta,0,0,12.000,5,
IMG_20241006_163001.jpg,Bisalax bisacodil,1010,Tem,,Alta,1,1,12.000,5,
IMG_20241006_163005.jpg,Bisalax bisacodil,1010,Tem,,Alta,1,1,12.000,5,
IMG_20241006_163024.jpg,Bisalax bisacodil,0101,Tem,,Alta,0,0,12.000,5,
IMG_20241006_163029.jpg,Bisalax bisacodil,0101,Tem,,Alta,0,0,12.000,5,
IMG_20241007_170948.jpg,cloridrato de metformina,0101,Tem,,Alta,0,0,12.000,7,
IMG_20241007_170956.jpg,cloridrato de metformina,0101,Tem,,Alta,0,0,12.000,7,
IMG_20241007_171043.jpg,cloridrato de metformina,0101,Tem,,Alta,0,0,12.000,7,
IMG_20241015_103705.jpg,Vitamina C ácido ascórbico,1110,Tem,,Alta,1,1,12.000,3,
IMG_20241015_103710.jpg,Vitamina C ácido ascórbico,1110,Tem,,Alta,1,1,12.000,3,
IMG_20241015_103726.jpg,Vitamina C ácido ascórbico,0110,Não tem,,Alta,0,1,12.000,3,2
IMG_20241015_103750.jpg,Vitamina B12,0110,Não tem,,Alta,0,1,12.000,1,1
IMG_20241025_201626.jpg,ivermectina,1010,Tem,,Média,1,1,1.225,8,
IMG_20241025_201628.jpg,ivermectina,0101,Tem,,Média,0,0,1.225,8,
IMG_20241025_201630.jpg,ivermectina,1010,Tem,,Média,1,1,1.225,8,
IMG_20241026_151247.jpg,Anti Séptico Clo digliconato de clorexidina,0110,Não tem,,Alta,0,1,12.000,3,1
IMG_20241026_151252.jpg,Anti Séptico Clo digliconato de clorexidina,0110,Não tem,,Alta,0,1,12.000,3,1
IMG_20241026_151332.jpg,Anti Séptico Clo digliconato de clorexidina,0110,Não tem,,Alta,0,1,12.000,3,1
IMG_20241105_132640.jpg,Flomicin,0101,Tem,,Média,0,0,1.225,3,
IMG_20241105_132644.jpg,Flomicin,1010,Tem,,Média,1,1,1.225,3,
IMG_20241105_132647.jpg,Flomicin,1010,Tem,,Média,1,1,1.225,3,
IMG_20241112_162258.jpg,nimesulida,1010,Tem,,Alta,1,1,12.000,10,
IMG_20241112_162304.jpg,nimesulida,1010,Tem,,Alta,1,1,12.000,10,
IMG_20241112_162335.jpg,nimesulida,1010,Tem,,Alta,1,1,12.000,10,
IMG_20241112_162559.jpg,neopiridin,1010,Tem,,Alta,1,1,12.000,7,
IMG_20241112_162604.jpg,neopiridin,1010,Tem,,Alta,1,1,12.000,7,
IMG_20241112_162616.jpg,neopiridin,0101,Tem,,Alta,0,0,12.000,7,
IMG_20241112_211517.jpg,apracur,0101,Tem,,Alta,0,0,12.000,5,
IMG_20241112_211521.jpg,apracur,0101,Tem,,Alta,0,0,12.000,5,
IMG_20241112_211538.jpg,apracur,1010,Tem,,Alta,1,1,12.000,5,
IMG_20241112_211540.jpg,apracur,0101,Tem,,Alta,0,0,12.000,5,
IMG_20241124_223207.jpg,Alpes XL cloridrato de bupropiona,0110,Tem,,Média,0,1,1.225,3,
IMG_20241124_223208.jpg,Alpes XL cloridrato de bupropiona,1010,Tem,,Média,1,1,1.225,3,
IMG_20241124_223209.jpg,Alpes XL cloridrato de bupropiona,0101,Tem,,Média,0,0,1.225,3,
IMG_20241127_193625.jpg,Aft Rub rosa rubra,0110,Não tem,,Alta,0,1,11.968,6,1
IMG_20241127_193646.jpg,Aft Rub rosa rubra,0110,Não tem,,Alta,0,1,11.968,6,1
IMG_20241127_193711.jpg,Aft Rub rosa rubra,0110,Não tem,,Alta,0,1,11.968,6,1
IMG_20241127_193814.jpg,Doralex dipirona monoidratada,1010,Tem,,Alta,1,1,11.968,6,
IMG_20241127_193909.jpg,Doralex dipirona monoidratada,1010,Tem,,Alta,1,1,11.968,6,
IMG_20241127_194000.jpg,Doralex dipirona monoidratada,0101,Tem,,Alta,0,0,11.968,6,
IMG_20241127_194103.jpg,rosuvastatina cálcica,0101,Tem,,Alta,0,0,11.968,24,
IMG_20241127_194135.jpg,rosuvastatina cálcica,1010,Tem,,Alta,1,1,11.968,24,
IMG_20241127_194155.jpg,rosuvastatina cálcica,1010,Tem,,Alta,1,1,11.968,24,
IMG_20241127_194209.jpg,rosuvastatina cálcica,1010,Tem,,Alta,1,1,11.968,24,
IMG_20241127_194419.jpg,Aft Rub rosa rubra,0101,Não tem,,Média,0,0,1.225,6,1
IMG_20241127_194424.jpg,Aft Rub rosa rubra,0110,Não tem,,Média,0,1,1.225,6,1
IMG_20241127_194427.jpg,Aft Rub rosa rubra,0110,Não tem,,Média,0,1,1.225,6,1
IMG_20241127_194429.jpg,Doralex dipirona monoidratada,0101,Tem,,Média,0,0,1.225,6,
IMG_20241127_194432.jpg,Doralex dipirona monoidratada,1010,Tem,,Média,1,1,1.225,6,
IMG_20241127_194433.jpg,Doralex dipirona monoidratada,1010,Tem,,Média,1,1,1.225,6,
IMG_20241127_194434.jpg,rosuvastatina cálcica,1010,Tem,,Média,1,1,1.225,24,
IMG_20241127_194435.jpg,rosuvastatina cálcica,1010,Tem,,Média,1,1,1.225,24,
IMG_20241127_194436.jpg,rosuvastatina cálcica,1010,Tem,,Média,1,1,1.225,24,
IMG_20241127_194440.jpg,citoneurin,1010,Tem,,Média,1,1,1.225,2,
IMG_20241206_170951.jpg,Periodent Solução Bucal gluconato de clorexidina,0110,Não tem,,Alta,0,1,11.968,,1
IMG_20241206_171035.jpg,Periodent Solução Bucal gluconato de clorexidina,0110,Não tem,,Alta,0,1,11.968,,